,LOCATION,INDICATOR,SUBJECT,FREQUENCY,TIME,PC_GDP,PC_HEALTHXP,USD_CAP
0,AUS,PHARMAEXP,TOT,A,1971,0.726,15.992,33.99
1,AUS,PHARMAEXP,TOT,A,1972,0.685,15.091,34.184
2,AUS,PHARMAEXP,TOT,A,1973,0.681,15.117,37.956
3,AUS,PHARMAEXP,TOT,A,1974,0.754,14.771,45.338
4,AUS,PHARMAEXP,TOT,A,1975,0.682,11.849,44.363
5,AUS,PHARMAEXP,TOT,A,1976,0.63,10.92,44.34
6,AUS,PHARMAEXP,TOT,A,1977,0.612,10.087,45.407
7,AUS,PHARMAEXP,TOT,A,1978,0.591,9.958,48.127
8,AUS,PHARMAEXP,TOT,A,1979,0.523,8.981,47.307
9,AUS,PHARMAEXP,TOT,A,1980,0.539,9.263,54.875
10,AUS,PHARMAEXP,TOT,A,1981,0.547,9.388,62.73
11,AUS,PHARMAEXP,TOT,A,1982,0.564,9.248,65.245
12,AUS,PHARMAEXP,TOT,A,1983,0.58,9.589,72.629
13,AUS,PHARMAEXP,TOT,A,1984,0.569,9.465,76.085
14,AUS,PHARMAEXP,TOT,A,1985,0.579,9.56,81.784
15,AUS,PHARMAEXP,TOT,A,1986,0.599,9.568,86.545
16,AUS,PHARMAEXP,TOT,A,1987,0.582,9.543,90.907
17,AUS,PHARMAEXP,TOT,A,1988,0.595,9.823,100.971
18,AUS,PHARMAEXP,TOT,A,1989,0.623,10.199,111.925
19,AUS,PHARMAEXP,TOT,A,1990,0.677,10.474,122.156
20,AUS,PHARMAEXP,TOT,A,1991,0.74,10.937,134.997
21,AUS,PHARMAEXP,TOT,A,1992,0.779,11.407,148.927
22,AUS,PHARMAEXP,TOT,A,1993,0.82,11.977,164.472
23,AUS,PHARMAEXP,TOT,A,1994,0.86,12.508,181.941
24,AUS,PHARMAEXP,TOT,A,1995,0.883,12.762,196.205
25,AUS,PHARMAEXP,TOT,A,1996,0.925,13.106,215.33
26,AUS,PHARMAEXP,TOT,A,1997,0.951,13.437,232.169
27,AUS,PHARMAEXP,TOT,A,1998,1.018,14.084,259.041
28,AUS,PHARMAEXP,TOT,A,1999,1.074,14.679,287.245
29,AUS,PHARMAEXP,TOT,A,2000,1.192,15.702,338.103
30,AUS,PHARMAEXP,TOT,A,2001,1.233,16.059,367.853
31,AUS,PHARMAEXP,TOT,A,2002,1.211,15.374,381.433
32,AUS,PHARMAEXP,TOT,A,2003,1.242,15.761,406.438
33,AUS,PHARMAEXP,TOT,A,2004,1.266,15.656,441.202
34,AUS,PHARMAEXP,TOT,A,2005,1.213,15.218,437.125
35,AUS,PHARMAEXP,TOT,A,2006,1.219,15.276,457.715
36,AUS,PHARMAEXP,TOT,A,2007,1.224,15.201,486.408
37,AUS,PHARMAEXP,TOT,A,2008,1.271,15.412,516.333
38,AUS,PHARMAEXP,TOT,A,2009,1.327,15.535,530.969
39,AUS,PHARMAEXP,TOT,A,2010,1.316,15.63,561.659
40,AUS,PHARMAEXP,TOT,A,2011,1.307,15.311,583.222
41,AUS,PHARMAEXP,TOT,A,2012,1.328,15.308,589.993
42,AUS,PHARMAEXP,TOT,A,2013,1.255,14.345,586.402
43,AUS,PHARMAEXP,TOT,A,2014,1.229,12.498,569.455
44,AUS,PHARMAEXP,TOT,A,2015,1.267,12.442,594.233
45,AUS,PHARMAEXP,TOT,A,2016,1.303,12.915,650.539
46,AUS,PHARMAEXP,TOT,A,2017,1.243,12.275,622.908
47,AUS,PHARMAEXP,TOT,A,2018,1.2,11.93,619.256
48,AUS,PHARMAEXP,TOT,A,2019,1.231,12.049,617.729
49,AUS,PHARMAEXP,TOT,A,2020,1.278,11.961,680.868
50,AUT,PHARMAEXP,TOT,A,1990,0.782,10.131,150.163
51,AUT,PHARMAEXP,TOT,A,1991,0.778,10.001,158.596
52,AUT,PHARMAEXP,TOT,A,1992,0.799,9.889,168.787
53,AUT,PHARMAEXP,TOT,A,1993,0.838,9.746,180.292
54,AUT,PHARMAEXP,TOT,A,1994,0.85,9.457,190.767
55,AUT,PHARMAEXP,TOT,A,1995,0.851,9.542,199.061
56,AUT,PHARMAEXP,TOT,A,1996,0.874,9.839,212.567
57,AUT,PHARMAEXP,TOT,A,1997,1.007,11.213,253.988
58,AUT,PHARMAEXP,TOT,A,1998,1.084,11.843,287.561
59,AUT,PHARMAEXP,TOT,A,1999,1.168,12.551,322.489
60,AUT,PHARMAEXP,TOT,A,2000,1.172,12.734,357.062
61,AUT,PHARMAEXP,TOT,A,2001,1.196,12.897,368.742
62,AUT,PHARMAEXP,TOT,A,2002,1.236,13.154,407.91
63,AUT,PHARMAEXP,TOT,A,2003,1.299,13.607,435.142
64,AUT,PHARMAEXP,TOT,A,2004,1.292,13.308,453.933
65,AUT,PHARMAEXP,TOT,A,2005,1.274,13.239,460.159
66,AUT,PHARMAEXP,TOT,A,2006,1.265,13.271,482.397
67,AUT,PHARMAEXP,TOT,A,2007,1.286,13.486,511.897
68,AUT,PHARMAEXP,TOT,A,2008,1.306,13.432,538.527
69,AUT,PHARMAEXP,TOT,A,2009,1.265,12.369,505.931
70,AUT,PHARMAEXP,TOT,A,2010,1.249,12.22,520.448
71,AUT,PHARMAEXP,TOT,A,2011,1.232,12.291,534.067
72,AUT,PHARMAEXP,TOT,A,2012,1.23,12.063,553.478
73,AUT,PHARMAEXP,TOT,A,2013,1.223,11.886,566.622
74,AUT,PHARMAEXP,TOT,A,2014,1.259,12.144,589.981
75,AUT,PHARMAEXP,TOT,A,2015,1.274,12.292,607.648
76,AUT,PHARMAEXP,TOT,A,2016,1.239,11.965,621.653
77,AUT,PHARMAEXP,TOT,A,2017,1.255,12.085,642.378
78,AUT,PHARMAEXP,TOT,A,2018,1.237,11.951,659.52
79,AUT,PHARMAEXP,TOT,A,2019,1.241,11.836,665.852
80,AUT,PHARMAEXP,TOT,A,2020,1.381,12.131,711.325
81,AUT,PHARMAEXP,TOT,A,2021,1.383,11.431,764.767
82,BEL,PHARMAEXP,TOT,A,1970,1.084,28.113,42.05
83,BEL,PHARMAEXP,TOT,A,1971,1.115,28.275,46.626
84,BEL,PHARMAEXP,TOT,A,1972,1.132,27.629,51.474
85,BEL,PHARMAEXP,TOT,A,1973,1.206,27.547,61.827
86,BEL,PHARMAEXP,TOT,A,1974,1.19,26.779,68.928
87,BEL,PHARMAEXP,TOT,A,1975,1.214,21.886,73.393
88,BEL,PHARMAEXP,TOT,A,1976,1.087,18.88,72.63
89,BEL,PHARMAEXP,TOT,A,1977,1.139,18.301,81.649
90,BEL,PHARMAEXP,TOT,A,1978,1.141,17.789,89.427
91,BEL,PHARMAEXP,TOT,A,1979,1.112,17.386,97.873
92,BEL,PHARMAEXP,TOT,A,1980,1.074,17.374,102.927
93,BEL,PHARMAEXP,TOT,A,1981,1.058,16.044,107.311
94,BEL,PHARMAEXP,TOT,A,1982,1.051,15.4,114.228
95,BEL,PHARMAEXP,TOT,A,1983,1.09,15.594,122.594
96,BEL,PHARMAEXP,TOT,A,1984,1.023,14.967,121.765
97,BEL,PHARMAEXP,TOT,A,1985,1.079,15.684,135.801
98,BEL,PHARMAEXP,TOT,A,1986,1.108,15.708,148.417
99,BEL,PHARMAEXP,TOT,A,1987,1.142,15.952,161.07
100,BEL,PHARMAEXP,TOT,A,1988,1.18,16.479,183.216
101,BEL,PHARMAEXP,TOT,A,1989,1.153,16.231,195.372
102,BEL,PHARMAEXP,TOT,A,1990,1.109,15.52,202.058
103,BEL,PHARMAEXP,TOT,A,1991,1.163,15.597,221.636
104,BEL,PHARMAEXP,TOT,A,1992,1.244,16.282,248.41
105,BEL,PHARMAEXP,TOT,A,1993,1.354,17.445,276.285
106,BEL,PHARMAEXP,TOT,A,1994,1.32,17.459,283.138
107,BEL,PHARMAEXP,TOT,A,1995,1.358,18.068,301.872
108,BEL,PHARMAEXP,TOT,A,1996,1.338,17.119,302.676
109,BEL,PHARMAEXP,TOT,A,1997,1.343,17.497,317.541
110,BEL,PHARMAEXP,TOT,A,2003,1.594,17.397,504.999
111,BEL,PHARMAEXP,TOT,A,2004,1.596,17.109,528.023
112,BEL,PHARMAEXP,TOT,A,2005,1.564,16.957,526.39
113,BEL,PHARMAEXP,TOT,A,2006,1.5,16.427,524.904
114,BEL,PHARMAEXP,TOT,A,2007,1.518,16.616,549.591
115,BEL,PHARMAEXP,TOT,A,2008,1.425,14.855,526.611
116,BEL,PHARMAEXP,TOT,A,2009,1.463,14.179,526.238
117,BEL,PHARMAEXP,TOT,A,2010,1.412,13.842,540.994
118,BEL,PHARMAEXP,TOT,A,2011,1.41,13.608,551.654
119,BEL,PHARMAEXP,TOT,A,2012,1.341,12.768,541.621
120,BEL,PHARMAEXP,TOT,A,2013,1.326,12.534,556.791
121,BEL,PHARMAEXP,TOT,A,2014,1.297,12.223,561.59
122,BEL,PHARMAEXP,TOT,A,2015,1.325,12.27,591.141
123,BEL,PHARMAEXP,TOT,A,2016,1.3,12.043,603.742
124,BEL,PHARMAEXP,TOT,A,2017,1.243,11.513,592.17
125,BEL,PHARMAEXP,TOT,A,2018,1.22,11.237,601.265
126,BEL,PHARMAEXP,TOT,A,2019,1.221,11.314,613.639
127,BEL,PHARMAEXP,TOT,A,2020,1.251,11.176,615.681
128,BEL,PHARMAEXP,TOT,A,2021,1.191,10.782,649.344
129,BGR,PHARMAEXP,TOT,A,2003,2.664,37.0,231.652
130,BGR,PHARMAEXP,TOT,A,2004,2.454,35.617,233.474
131,BGR,PHARMAEXP,TOT,A,2005,2.362,34.274,243.791
132,BGR,PHARMAEXP,TOT,A,2006,2.402,36.808,267.287
133,BGR,PHARMAEXP,TOT,A,2007,2.173,35.301,275.732
134,BGR,PHARMAEXP,TOT,A,2008,2.219,35.314,308.211
135,BGR,PHARMAEXP,TOT,A,2012,2.846,37.745,474.182
136,BGR,PHARMAEXP,TOT,A,2013,2.494,34.911,432.714
137,BGR,PHARMAEXP,TOT,A,2014,2.68,34.883,491.214
138,BGR,PHARMAEXP,TOT,A,2015,2.657,35.948,516.436
139,BGR,PHARMAEXP,TOT,A,2016,2.739,36.738,587.206
140,BGR,PHARMAEXP,TOT,A,2017,2.77,36.971,625.801
141,BGR,PHARMAEXP,TOT,A,2018,2.595,35.409,625.647
142,BGR,PHARMAEXP,TOT,A,2019,2.436,34.357,616.927
143,BGR,PHARMAEXP,TOT,A,2020,2.766,32.623,692.585
144,BGR,PHARMAEXP,TOT,A,2021,2.618,30.602,758.71
145,BRA,PHARMAEXP,TOT,A,2015,1.626,18.249,248.338
146,BRA,PHARMAEXP,TOT,A,2016,1.674,18.259,244.67
147,BRA,PHARMAEXP,TOT,A,2017,1.702,17.972,250.063
148,BRA,PHARMAEXP,TOT,A,2018,1.723,18.2,261.617
149,BRA,PHARMAEXP,TOT,A,2019,1.751,18.216,272.831
150,CAN,PHARMAEXP,TOT,A,1970,0.749,11.962,32.684
151,CAN,PHARMAEXP,TOT,A,1971,0.751,11.529,36.13
152,CAN,PHARMAEXP,TOT,A,1972,0.706,10.962,37.076
153,CAN,PHARMAEXP,TOT,A,1973,0.671,10.942,40.128
154,CAN,PHARMAEXP,TOT,A,1974,0.606,10.026,42.13
155,CAN,PHARMAEXP,TOT,A,1975,0.605,9.319,45.427
156,CAN,PHARMAEXP,TOT,A,1976,0.582,8.957,48.668
157,CAN,PHARMAEXP,TOT,A,1977,0.577,8.9,51.69
158,CAN,PHARMAEXP,TOT,A,1978,0.573,8.882,55.495
159,CAN,PHARMAEXP,TOT,A,1979,0.577,9.081,62.866
160,CAN,PHARMAEXP,TOT,A,1980,0.584,8.934,70.739
161,CAN,PHARMAEXP,TOT,A,1981,0.633,9.357,84.104
162,CAN,PHARMAEXP,TOT,A,1982,0.68,9.071,90.358
163,CAN,PHARMAEXP,TOT,A,1983,0.701,9.145,97.554
164,CAN,PHARMAEXP,TOT,A,1984,0.717,9.5,107.828
165,CAN,PHARMAEXP,TOT,A,1985,0.76,10.061,122.028
166,CAN,PHARMAEXP,TOT,A,1986,0.839,10.756,137.551
167,CAN,PHARMAEXP,TOT,A,1987,0.856,11.058,150.106
168,CAN,PHARMAEXP,TOT,A,1988,0.881,11.383,166.34
169,CAN,PHARMAEXP,TOT,A,1989,0.929,11.691,184.661
170,CAN,PHARMAEXP,TOT,A,1990,0.996,11.914,202.518
171,CAN,PHARMAEXP,TOT,A,1991,1.098,12.135,219.057
172,CAN,PHARMAEXP,TOT,A,1992,1.186,12.75,241.917
173,CAN,PHARMAEXP,TOT,A,1993,1.229,13.377,258.297
174,CAN,PHARMAEXP,TOT,A,1994,1.203,13.613,267.114
175,CAN,PHARMAEXP,TOT,A,1995,1.225,14.358,285.008
176,CAN,PHARMAEXP,TOT,A,1996,1.215,14.578,291.519
177,CAN,PHARMAEXP,TOT,A,1997,1.269,15.255,319.143
178,CAN,PHARMAEXP,TOT,A,1998,1.342,15.702,345.516
179,CAN,PHARMAEXP,TOT,A,1999,1.349,16.199,369.052
180,CAN,PHARMAEXP,TOT,A,2000,1.369,16.601,406.817
181,CAN,PHARMAEXP,TOT,A,2001,1.459,16.921,444.045
182,CAN,PHARMAEXP,TOT,A,2002,1.544,17.438,480.949
183,CAN,PHARMAEXP,TOT,A,2003,1.608,17.845,520.034
184,CAN,PHARMAEXP,TOT,A,2004,1.631,17.992,561.774
185,CAN,PHARMAEXP,TOT,A,2005,1.632,18.058,594.446
186,CAN,PHARMAEXP,TOT,A,2006,1.675,17.934,625.283
187,CAN,PHARMAEXP,TOT,A,2007,1.674,17.726,657.556
188,CAN,PHARMAEXP,TOT,A,2008,1.683,17.519,674.417
189,CAN,PHARMAEXP,TOT,A,2009,1.88,17.632,692.029
190,CAN,PHARMAEXP,TOT,A,2010,1.946,18.23,755.74
191,CAN,PHARMAEXP,TOT,A,2011,1.858,17.903,755.06
192,CAN,PHARMAEXP,TOT,A,2012,1.835,17.462,756.825
193,CAN,PHARMAEXP,TOT,A,2013,1.774,17.036,754.272
194,CAN,PHARMAEXP,TOT,A,2014,1.706,16.628,754.336
195,CAN,PHARMAEXP,TOT,A,2015,1.796,16.722,774.778
196,CAN,PHARMAEXP,TOT,A,2016,1.834,16.625,838.504
197,CAN,PHARMAEXP,TOT,A,2017,1.791,16.426,849.457
198,CAN,PHARMAEXP,TOT,A,2018,1.737,15.927,850.075
199,CAN,PHARMAEXP,TOT,A,2019,1.744,15.846,827.573
200,CAN,PHARMAEXP,TOT,A,2020,1.856,14.236,836.93
201,CAN,PHARMAEXP,TOT,A,2021,1.7,13.785,865.337
202,CAN,PHARMAEXP,TOT,A,2022,1.614,14.469,914.325
203,CHE,PHARMAEXP,TOT,A,2010,1.045,10.52,530.899
204,CHE,PHARMAEXP,TOT,A,2011,1.037,10.323,539.795
205,CHE,PHARMAEXP,TOT,A,2012,1.053,10.377,566.963
206,CHE,PHARMAEXP,TOT,A,2013,1.062,10.228,595.626
207,CHE,PHARMAEXP,TOT,A,2014,1.066,10.225,611.906
208,CHE,PHARMAEXP,TOT,A,2015,1.097,10.177,636.994
209,CHE,PHARMAEXP,TOT,A,2016,1.136,10.333,676.592
210,CHE,PHARMAEXP,TOT,A,2017,1.165,10.545,687.401
211,CHE,PHARMAEXP,TOT,A,2018,1.148,10.661,703.786
212,CHE,PHARMAEXP,TOT,A,2019,1.182,10.681,716.538
213,CHE,PHARMAEXP,TOT,A,2020,1.273,10.849,761.87
214,CHE,PHARMAEXP,TOT,A,2021,1.25,10.593,803.203
215,CHL,PHARMAEXP,TOT,A,2019,1.307,13.961,320.69
216,CHL,PHARMAEXP,TOT,A,2020,1.2,12.334,298.149
217,CHL,PHARMAEXP,TOT,A,2021,1.182,12.71,338.722
218,COL,PHARMAEXP,TOT,A,2013,1.094,15.593,144.302
219,COL,PHARMAEXP,TOT,A,2014,1.125,15.653,154.548
220,COL,PHARMAEXP,TOT,A,2015,1.159,15.403,159.429
221,COL,PHARMAEXP,TOT,A,2016,1.17,15.532,171.109
222,COL,PHARMAEXP,TOT,A,2017,1.196,15.581,177.532
223,CRI,PHARMAEXP,TOT,A,2011,1.212,14.943,175.759
224,CRI,PHARMAEXP,TOT,A,2012,1.118,14.365,175.023
225,CRI,PHARMAEXP,TOT,A,2013,1.037,13.506,167.223
226,CRI,PHARMAEXP,TOT,A,2014,1.13,14.751,193.603
227,CRI,PHARMAEXP,TOT,A,2015,1.104,14.541,201.037
228,CRI,PHARMAEXP,TOT,A,2016,0.996,13.614,192.399
229,CRI,PHARMAEXP,TOT,A,2017,0.54,7.66,110.724
230,CRI,PHARMAEXP,TOT,A,2018,0.685,9.4,143.799
231,CRI,PHARMAEXP,TOT,A,2019,0.655,9.076,141.242
232,CRI,PHARMAEXP,TOT,A,2020,0.644,8.225,133.065
233,CRI,PHARMAEXP,TOT,A,2021,0.645,8.522,142.363
234,CYP,PHARMAEXP,TOT,A,2003,1.259,22.352,312.892
235,CYP,PHARMAEXP,TOT,A,2004,1.197,22.153,316.318
236,CYP,PHARMAEXP,TOT,A,2005,1.187,21.963,325.949
237,CYP,PHARMAEXP,TOT,A,2006,1.151,21.175,333.753
238,CYP,PHARMAEXP,TOT,A,2007,1.121,21.054,360.638
239,CYP,PHARMAEXP,TOT,A,2008,1.118,18.568,379.08
240,CYP,PHARMAEXP,TOT,A,2009,1.153,17.83,369.053
241,CYP,PHARMAEXP,TOT,A,2010,1.045,16.075,333.517
242,CYP,PHARMAEXP,TOT,A,2011,1.026,15.947,322.562
243,CYP,PHARMAEXP,TOT,A,2012,1.052,16.093,320.284
244,CYP,PHARMAEXP,TOT,A,2013,1.138,16.422,331.247
245,CYP,PHARMAEXP,TOT,A,2014,1.162,16.769,340.102
246,CYP,PHARMAEXP,TOT,A,2015,1.25,18.405,383.794
247,CYP,PHARMAEXP,TOT,A,2016,1.239,18.628,426.097
248,CYP,PHARMAEXP,TOT,A,2017,1.207,18.228,440.257
249,CYP,PHARMAEXP,TOT,A,2018,1.238,18.133,474.21
250,CYP,PHARMAEXP,TOT,A,2019,1.095,15.497,431.324
251,CYP,PHARMAEXP,TOT,A,2020,1.187,14.122,440.737
252,CYP,PHARMAEXP,TOT,A,2021,1.413,14.99,578.65
253,CZE,PHARMAEXP,TOT,A,1990,0.899,24.212,118.867
254,CZE,PHARMAEXP,TOT,A,1991,0.827,21.496,94.247
255,CZE,PHARMAEXP,TOT,A,1992,0.98,24.69,114.227
256,CZE,PHARMAEXP,TOT,A,1993,1.189,22.358,147.174
257,CZE,PHARMAEXP,TOT,A,1994,1.548,28.254,204.86
258,CZE,PHARMAEXP,TOT,A,1995,1.612,28.28,228.554
259,CZE,PHARMAEXP,TOT,A,1996,1.545,27.665,237.604
260,CZE,PHARMAEXP,TOT,A,1997,1.525,27.252,236.938
261,CZE,PHARMAEXP,TOT,A,1998,1.403,25.085,222.991
262,CZE,PHARMAEXP,TOT,A,1999,1.393,24.149,229.864
263,CZE,PHARMAEXP,TOT,A,2000,1.406,24.659,253.005
264,CZE,PHARMAEXP,TOT,A,2001,1.465,24.981,289.845
265,CZE,PHARMAEXP,TOT,A,2002,1.549,25.069,317.795
266,CZE,PHARMAEXP,TOT,A,2003,1.644,25.196,351.182
267,CZE,PHARMAEXP,TOT,A,2004,1.63,25.671,375.84
268,CZE,PHARMAEXP,TOT,A,2005,1.63,25.7,391.508
269,CZE,PHARMAEXP,TOT,A,2006,1.447,23.478,366.301
270,CZE,PHARMAEXP,TOT,A,2007,1.33,22.213,368.845
271,CZE,PHARMAEXP,TOT,A,2008,1.323,20.906,381.104
272,CZE,PHARMAEXP,TOT,A,2009,1.605,22.139,453.587
273,CZE,PHARMAEXP,TOT,A,2010,1.481,19.524,431.282
274,CZE,PHARMAEXP,TOT,A,2011,1.479,19.563,435.792
275,CZE,PHARMAEXP,TOT,A,2012,1.514,19.854,453.465
276,CZE,PHARMAEXP,TOT,A,2013,1.432,19.043,454.121
277,CZE,PHARMAEXP,TOT,A,2014,1.379,18.116,465.57
278,CZE,PHARMAEXP,TOT,A,2015,1.326,17.997,468.988
279,CZE,PHARMAEXP,TOT,A,2016,1.322,17.755,496.858
280,CZE,PHARMAEXP,TOT,A,2017,1.267,17.172,509.941
281,CZE,PHARMAEXP,TOT,A,2018,1.219,16.318,510.498
282,CZE,PHARMAEXP,TOT,A,2019,1.2,15.785,516.51
283,CZE,PHARMAEXP,TOT,A,2020,1.404,15.238,579.669
284,CZE,PHARMAEXP,TOT,A,2021,1.267,13.357,574.76
285,DEU,PHARMAEXP,TOT,A,1970,0.971,17.002,42.897
286,DEU,PHARMAEXP,TOT,A,1971,1.004,16.225,48.392
287,DEU,PHARMAEXP,TOT,A,1972,1.032,15.851,53.476
288,DEU,PHARMAEXP,TOT,A,1973,1.044,15.289,58.791
289,DEU,PHARMAEXP,TOT,A,1974,1.094,14.881,67.371
290,DEU,PHARMAEXP,TOT,A,1975,1.149,14.332,76.314
291,DEU,PHARMAEXP,TOT,A,1976,1.144,14.234,84.135
292,DEU,PHARMAEXP,TOT,A,1977,1.104,13.85,89.661
293,DEU,PHARMAEXP,TOT,A,1978,1.123,13.955,101.799
294,DEU,PHARMAEXP,TOT,A,1979,1.096,13.881,111.144
295,DEU,PHARMAEXP,TOT,A,1980,1.125,13.895,126.192
296,DEU,PHARMAEXP,TOT,A,1981,1.174,13.98,141.852
297,DEU,PHARMAEXP,TOT,A,1982,1.151,13.99,146.128
298,DEU,PHARMAEXP,TOT,A,1983,1.168,14.21,156.959
299,DEU,PHARMAEXP,TOT,A,1984,1.19,14.27,170.747
300,DEU,PHARMAEXP,TOT,A,1985,1.213,14.302,185.72
301,DEU,PHARMAEXP,TOT,A,1986,1.203,14.357,199.065
302,DEU,PHARMAEXP,TOT,A,1987,1.237,14.592,215.973
303,DEU,PHARMAEXP,TOT,A,1988,1.267,14.634,236.538
304,DEU,PHARMAEXP,TOT,A,1989,1.195,14.819,236.529
305,DEU,PHARMAEXP,TOT,A,1990,1.181,14.709,253.628
306,DEU,PHARMAEXP,TOT,A,1992,1.382,15.362,310.196
307,DEU,PHARMAEXP,TOT,A,1993,1.237,13.767,280.891
308,DEU,PHARMAEXP,TOT,A,1994,1.236,13.384,292.926
309,DEU,PHARMAEXP,TOT,A,1995,1.256,13.179,309.583
310,DEU,PHARMAEXP,TOT,A,1996,1.322,13.457,333.769
311,DEU,PHARMAEXP,TOT,A,1997,1.306,13.436,335.385
312,DEU,PHARMAEXP,TOT,A,1998,1.357,13.949,357.933
313,DEU,PHARMAEXP,TOT,A,1999,1.372,13.989,377.398
314,DEU,PHARMAEXP,TOT,A,2000,1.392,14.072,407.469
315,DEU,PHARMAEXP,TOT,A,2001,1.457,14.683,441.874
316,DEU,PHARMAEXP,TOT,A,2002,1.518,14.909,483.022
317,DEU,PHARMAEXP,TOT,A,2003,1.542,14.821,493.455
318,DEU,PHARMAEXP,TOT,A,2004,1.422,14.014,475.303
319,DEU,PHARMAEXP,TOT,A,2005,1.558,15.114,518.404
320,DEU,PHARMAEXP,TOT,A,2006,1.524,14.968,533.928
321,DEU,PHARMAEXP,TOT,A,2007,1.539,15.313,574.357
322,DEU,PHARMAEXP,TOT,A,2008,1.572,15.337,606.585
323,DEU,PHARMAEXP,TOT,A,2009,1.71,15.215,632.661
324,DEU,PHARMAEXP,TOT,A,2010,1.664,14.995,663.249
325,DEU,PHARMAEXP,TOT,A,2011,1.54,14.287,652.43
326,DEU,PHARMAEXP,TOT,A,2012,1.534,14.131,670.593
327,DEU,PHARMAEXP,TOT,A,2013,1.54,14.005,693.51
328,DEU,PHARMAEXP,TOT,A,2014,1.583,14.355,739.786
329,DEU,PHARMAEXP,TOT,A,2015,1.608,14.369,761.448
330,DEU,PHARMAEXP,TOT,A,2016,1.624,14.443,819.478
331,DEU,PHARMAEXP,TOT,A,2017,1.612,14.224,850.084
332,DEU,PHARMAEXP,TOT,A,2018,1.628,14.179,891.861
333,DEU,PHARMAEXP,TOT,A,2019,1.607,13.714,880.199
334,DEU,PHARMAEXP,TOT,A,2020,1.732,13.644,947.679
335,DEU,PHARMAEXP,TOT,A,2021,1.793,13.866,1042.46
336,DNK,PHARMAEXP,TOT,A,1980,0.53,6.301,50.227
337,DNK,PHARMAEXP,TOT,A,1981,0.527,6.149,53.591
338,DNK,PHARMAEXP,TOT,A,1982,0.534,6.189,59.177
339,DNK,PHARMAEXP,TOT,A,1983,0.539,6.407,64.287
340,DNK,PHARMAEXP,TOT,A,1984,0.528,6.631,67.987
341,DNK,PHARMAEXP,TOT,A,1985,0.546,6.864,75.963
342,DNK,PHARMAEXP,TOT,A,1986,0.563,7.276,84.952
343,DNK,PHARMAEXP,TOT,A,1987,0.555,6.888,86.179
344,DNK,PHARMAEXP,TOT,A,1988,0.6,7.33,96.266
345,DNK,PHARMAEXP,TOT,A,1989,0.566,7.023,95.463
346,DNK,PHARMAEXP,TOT,A,1990,0.613,7.621,109.862
347,DNK,PHARMAEXP,TOT,A,1991,0.647,8.145,120.869
348,DNK,PHARMAEXP,TOT,A,1992,0.646,8.123,126.264
349,DNK,PHARMAEXP,TOT,A,1993,0.72,8.692,143.142
350,DNK,PHARMAEXP,TOT,A,1994,0.731,9.047,154.562
351,DNK,PHARMAEXP,TOT,A,1995,0.725,9.329,160.002
352,DNK,PHARMAEXP,TOT,A,1996,0.718,9.16,166.166
353,DNK,PHARMAEXP,TOT,A,1997,0.72,9.295,175.836
354,DNK,PHARMAEXP,TOT,A,1998,0.783,10.367,198.446
355,DNK,PHARMAEXP,TOT,A,1999,0.755,9.051,197.474
356,DNK,PHARMAEXP,TOT,A,2000,0.735,9.068,212.719
357,DNK,PHARMAEXP,TOT,A,2001,0.759,8.983,222.095
358,DNK,PHARMAEXP,TOT,A,2002,0.819,9.409,255.15
359,DNK,PHARMAEXP,TOT,A,2003,0.823,9.241,251.656
360,DNK,PHARMAEXP,TOT,A,2004,0.804,8.921,260.561
361,DNK,PHARMAEXP,TOT,A,2005,0.78,8.58,258.681
362,DNK,PHARMAEXP,TOT,A,2006,0.799,8.718,286.756
363,DNK,PHARMAEXP,TOT,A,2007,0.829,8.886,316.624
364,DNK,PHARMAEXP,TOT,A,2008,0.792,8.328,314.596
365,DNK,PHARMAEXP,TOT,A,2009,0.813,7.613,305.733
366,DNK,PHARMAEXP,TOT,A,2010,0.836,7.898,336.878
367,DNK,PHARMAEXP,TOT,A,2011,0.798,7.679,327.597
368,DNK,PHARMAEXP,TOT,A,2012,0.76,7.231,320.08
369,DNK,PHARMAEXP,TOT,A,2013,0.704,6.831,308.592
370,DNK,PHARMAEXP,TOT,A,2014,0.697,6.771,310.753
371,DNK,PHARMAEXP,TOT,A,2015,0.693,6.711,316.719
372,DNK,PHARMAEXP,TOT,A,2016,0.673,6.576,321.823
373,DNK,PHARMAEXP,TOT,A,2017,0.657,6.508,332.76
374,DNK,PHARMAEXP,TOT,A,2018,0.65,6.436,341.553
375,DNK,PHARMAEXP,TOT,A,2019,0.67,6.601,353.819
376,DNK,PHARMAEXP,TOT,A,2020,0.69,6.53,372.045
377,DNK,PHARMAEXP,TOT,A,2021,0.633,5.848,372.623
378,DNK,PHARMAEXP,TOT,A,2022,0.607,6.396,401.686
379,ESP,PHARMAEXP,TOT,A,1980,1.08,21.807,72.028
380,ESP,PHARMAEXP,TOT,A,1981,1.093,21.468,77.447
381,ESP,PHARMAEXP,TOT,A,1982,1.15,22.189,86.325
382,ESP,PHARMAEXP,TOT,A,1983,1.101,20.64,86.813
383,ESP,PHARMAEXP,TOT,A,1984,0.99,19.24,82.612
384,ESP,PHARMAEXP,TOT,A,1985,1.058,21.034,93.576
385,ESP,PHARMAEXP,TOT,A,1986,0.981,19.646,92.704
386,ESP,PHARMAEXP,TOT,A,1987,0.978,19.317,100.816
387,ESP,PHARMAEXP,TOT,A,1988,1.036,18.402,117.334
388,ESP,PHARMAEXP,TOT,A,1989,1.081,18.798,134.069
389,ESP,PHARMAEXP,TOT,A,1990,1.129,18.556,152.479
390,ESP,PHARMAEXP,TOT,A,1995,1.39,19.775,222.776
391,ESP,PHARMAEXP,TOT,A,1996,1.43,20.275,239.197
392,ESP,PHARMAEXP,TOT,A,1997,1.479,21.321,262.641
393,ESP,PHARMAEXP,TOT,A,1998,1.493,21.66,282.031
394,ESP,PHARMAEXP,TOT,A,1999,1.528,22.123,303.135
395,ESP,PHARMAEXP,TOT,A,2000,1.493,21.958,334.654
396,ESP,PHARMAEXP,TOT,A,2001,1.486,21.949,358.995
397,ESP,PHARMAEXP,TOT,A,2002,1.54,22.65,408.498
398,ESP,PHARMAEXP,TOT,A,2003,1.62,21.418,431.589
399,ESP,PHARMAEXP,TOT,A,2004,1.584,20.677,438.984
400,ESP,PHARMAEXP,TOT,A,2005,1.541,19.935,441.063
401,ESP,PHARMAEXP,TOT,A,2006,1.473,18.819,450.565
402,ESP,PHARMAEXP,TOT,A,2007,1.433,18.094,449.583
403,ESP,PHARMAEXP,TOT,A,2008,1.465,17.483,467.136
404,ESP,PHARMAEXP,TOT,A,2009,1.569,17.225,472.568
405,ESP,PHARMAEXP,TOT,A,2010,1.555,17.05,466.75
406,ESP,PHARMAEXP,TOT,A,2011,1.497,16.328,446.39
407,ESP,PHARMAEXP,TOT,A,2012,1.447,15.808,431.254
408,ESP,PHARMAEXP,TOT,A,2013,1.475,16.278,449.956
409,ESP,PHARMAEXP,TOT,A,2014,1.418,15.61,446.084
410,ESP,PHARMAEXP,TOT,A,2015,1.395,15.298,461.926
411,ESP,PHARMAEXP,TOT,A,2016,1.42,15.875,499.864
412,ESP,PHARMAEXP,TOT,A,2017,1.376,15.386,510.509
413,ESP,PHARMAEXP,TOT,A,2018,1.369,15.217,521.52
414,ESP,PHARMAEXP,TOT,A,2019,1.349,14.749,520.4
415,ESP,PHARMAEXP,TOT,A,2020,1.621,15.081,560.405
416,ESP,PHARMAEXP,TOT,A,2021,1.563,14.554,594.795
417,EST,PHARMAEXP,TOT,A,1999,1.133,19.973,101.901
418,EST,PHARMAEXP,TOT,A,2000,1.177,22.79,123.756
419,EST,PHARMAEXP,TOT,A,2001,1.22,25.52,139.139
420,EST,PHARMAEXP,TOT,A,2002,1.277,27.158,169.659
421,EST,PHARMAEXP,TOT,A,2003,1.249,24.312,179.993
422,EST,PHARMAEXP,TOT,A,2004,1.312,24.584,208.687
423,EST,PHARMAEXP,TOT,A,2005,1.168,22.063,205.453
424,EST,PHARMAEXP,TOT,A,2006,1.002,20.153,199.165
425,EST,PHARMAEXP,TOT,A,2007,0.991,19.124,226.421
426,EST,PHARMAEXP,TOT,A,2008,1.074,18.031,242.689
427,EST,PHARMAEXP,TOT,A,2009,1.309,19.121,261.29
428,EST,PHARMAEXP,TOT,A,2010,1.294,19.617,278.947
429,EST,PHARMAEXP,TOT,A,2011,1.156,19.024,278.915
430,EST,PHARMAEXP,TOT,A,2012,1.175,19.285,305.288
431,EST,PHARMAEXP,TOT,A,2013,1.163,18.514,316.199
432,EST,PHARMAEXP,TOT,A,2014,1.145,17.994,327.705
433,EST,PHARMAEXP,TOT,A,2015,1.165,17.538,340.315
434,EST,PHARMAEXP,TOT,A,2016,1.234,18.406,385.885
435,EST,PHARMAEXP,TOT,A,2017,1.158,17.555,386.474
436,EST,PHARMAEXP,TOT,A,2018,1.163,17.374,410.725
437,EST,PHARMAEXP,TOT,A,2019,1.132,16.6,407.201
438,EST,PHARMAEXP,TOT,A,2020,1.171,15.45,421.946
439,EST,PHARMAEXP,TOT,A,2021,1.125,14.969,461.549
440,FIN,PHARMAEXP,TOT,A,1970,0.69,13.822,20.985
441,FIN,PHARMAEXP,TOT,A,1971,0.763,14.426,24.95
442,FIN,PHARMAEXP,TOT,A,1972,0.775,14.398,28.063
443,FIN,PHARMAEXP,TOT,A,1973,0.719,13.736,29.563
444,FIN,PHARMAEXP,TOT,A,1974,0.691,13.361,32.696
445,FIN,PHARMAEXP,TOT,A,1975,0.728,12.871,36.768
446,FIN,PHARMAEXP,TOT,A,1976,0.764,12.746,40.974
447,FIN,PHARMAEXP,TOT,A,1977,0.786,12.686,44.422
448,FIN,PHARMAEXP,TOT,A,1978,0.778,12.685,48.256
449,FIN,PHARMAEXP,TOT,A,1979,0.718,11.983,52.02
450,FIN,PHARMAEXP,TOT,A,1980,0.664,11.217,55.273
451,FIN,PHARMAEXP,TOT,A,1981,0.658,10.899,60.427
452,FIN,PHARMAEXP,TOT,A,1982,0.637,10.391,63.251
453,FIN,PHARMAEXP,TOT,A,1983,0.662,10.642,70.139
454,FIN,PHARMAEXP,TOT,A,1984,0.662,10.57,75.603
455,FIN,PHARMAEXP,TOT,A,1985,0.677,10.174,81.96
456,FIN,PHARMAEXP,TOT,A,1986,0.681,10.079,87.041
457,FIN,PHARMAEXP,TOT,A,1987,0.694,10.069,95.322
458,FIN,PHARMAEXP,TOT,A,1988,0.668,9.968,102.523
459,FIN,PHARMAEXP,TOT,A,1989,0.662,9.812,111.299
460,FIN,PHARMAEXP,TOT,A,1990,0.715,9.864,124.446
461,FIN,PHARMAEXP,TOT,A,1991,0.86,10.343,139.657
462,FIN,PHARMAEXP,TOT,A,1992,0.951,11.166,148.99
463,FIN,PHARMAEXP,TOT,A,1993,0.991,12.652,155.151
464,FIN,PHARMAEXP,TOT,A,1994,1.0,13.733,167.29
465,FIN,PHARMAEXP,TOT,A,1995,1.053,14.321,192.792
466,FIN,PHARMAEXP,TOT,A,1996,1.112,14.875,210.958
467,FIN,PHARMAEXP,TOT,A,1997,1.087,15.244,224.894
468,FIN,PHARMAEXP,TOT,A,1998,0.999,14.646,223.195
469,FIN,PHARMAEXP,TOT,A,1999,1.058,15.566,250.551
470,FIN,PHARMAEXP,TOT,A,2000,1.066,15.036,282.198
471,FIN,PHARMAEXP,TOT,A,2001,1.121,15.467,306.595
472,FIN,PHARMAEXP,TOT,A,2002,1.194,15.654,344.581
473,FIN,PHARMAEXP,TOT,A,2003,1.234,15.549,354.069
474,FIN,PHARMAEXP,TOT,A,2004,1.262,15.655,388.045
475,FIN,PHARMAEXP,TOT,A,2005,1.304,15.738,405.017
476,FIN,PHARMAEXP,TOT,A,2006,1.172,14.152,389.562
477,FIN,PHARMAEXP,TOT,A,2007,1.146,14.171,425.837
478,FIN,PHARMAEXP,TOT,A,2008,1.176,14.092,457.118
479,FIN,PHARMAEXP,TOT,A,2009,1.242,13.561,445.0
480,FIN,PHARMAEXP,TOT,A,2010,1.192,13.035,446.764
481,FIN,PHARMAEXP,TOT,A,2011,1.15,12.463,448.472
482,FIN,PHARMAEXP,TOT,A,2012,1.165,12.158,460.321
483,FIN,PHARMAEXP,TOT,A,2013,1.178,12.014,472.552
484,FIN,PHARMAEXP,TOT,A,2014,1.155,11.811,467.218
485,FIN,PHARMAEXP,TOT,A,2015,1.171,12.136,484.533
486,FIN,PHARMAEXP,TOT,A,2016,1.179,12.574,515.993
487,FIN,PHARMAEXP,TOT,A,2017,1.117,12.24,515.952
488,FIN,PHARMAEXP,TOT,A,2018,1.121,12.396,536.801
489,FIN,PHARMAEXP,TOT,A,2019,1.134,12.361,541.881
490,FIN,PHARMAEXP,TOT,A,2020,1.184,12.294,567.335
491,FIN,PHARMAEXP,TOT,A,2021,1.155,11.27,591.864
492,FRA,PHARMAEXP,TOT,A,1970,1.27,24.413,46.908
493,FRA,PHARMAEXP,TOT,A,1975,1.277,20.741,75.415
494,FRA,PHARMAEXP,TOT,A,1980,1.108,16.389,108.14
495,FRA,PHARMAEXP,TOT,A,1985,1.272,16.577,165.96
496,FRA,PHARMAEXP,TOT,A,1990,1.382,17.282,252.162
497,FRA,PHARMAEXP,TOT,A,1991,1.455,17.702,275.805
498,FRA,PHARMAEXP,TOT,A,1992,1.488,17.619,290.913
499,FRA,PHARMAEXP,TOT,A,1993,1.594,18.002,315.667
500,FRA,PHARMAEXP,TOT,A,1994,1.582,17.898,325.216
501,FRA,PHARMAEXP,TOT,A,1995,1.521,15.393,323.389
502,FRA,PHARMAEXP,TOT,A,1996,1.505,15.224,330.285
503,FRA,PHARMAEXP,TOT,A,1997,1.509,15.462,345.815
504,FRA,PHARMAEXP,TOT,A,1998,1.533,15.872,368.527
505,FRA,PHARMAEXP,TOT,A,1999,1.584,16.395,398.617
506,FRA,PHARMAEXP,TOT,A,2000,1.62,16.899,454.16
507,FRA,PHARMAEXP,TOT,A,2001,1.682,17.333,498.362
508,FRA,PHARMAEXP,TOT,A,2002,1.723,17.188,541.758
509,FRA,PHARMAEXP,TOT,A,2003,1.77,17.559,536.658
510,FRA,PHARMAEXP,TOT,A,2004,1.792,17.63,559.044
511,FRA,PHARMAEXP,TOT,A,2005,1.795,17.568,573.536
512,FRA,PHARMAEXP,TOT,A,2006,1.753,16.882,581.556
513,FRA,PHARMAEXP,TOT,A,2007,1.709,16.566,594.425
514,FRA,PHARMAEXP,TOT,A,2008,1.708,16.263,606.492
515,FRA,PHARMAEXP,TOT,A,2009,1.773,15.71,609.668
516,FRA,PHARMAEXP,TOT,A,2010,1.725,15.368,621.644
517,FRA,PHARMAEXP,TOT,A,2011,1.674,14.966,622.837
518,FRA,PHARMAEXP,TOT,A,2012,1.629,14.416,619.827
519,FRA,PHARMAEXP,TOT,A,2013,1.698,14.896,676.497
520,FRA,PHARMAEXP,TOT,A,2014,1.696,14.696,680.255
521,FRA,PHARMAEXP,TOT,A,2015,1.651,14.419,673.38
522,FRA,PHARMAEXP,TOT,A,2016,1.621,14.129,695.401
523,FRA,PHARMAEXP,TOT,A,2017,1.6,14.092,705.241
524,FRA,PHARMAEXP,TOT,A,2018,1.536,13.704,698.524
525,FRA,PHARMAEXP,TOT,A,2019,1.497,13.496,696.842
526,FRA,PHARMAEXP,TOT,A,2020,1.655,13.64,743.835
527,FRA,PHARMAEXP,TOT,A,2021,1.543,12.539,765.575
528,GBR,PHARMAEXP,TOT,A,1970,0.628,15.819,19.614
529,GBR,PHARMAEXP,TOT,A,1971,0.642,15.992,21.457
530,GBR,PHARMAEXP,TOT,A,1972,0.638,15.6,23.051
531,GBR,PHARMAEXP,TOT,A,1973,0.603,15.005,24.357
532,GBR,PHARMAEXP,TOT,A,1974,0.695,14.959,29.428
533,GBR,PHARMAEXP,TOT,A,1975,0.627,12.706,28.643
534,GBR,PHARMAEXP,TOT,A,1976,0.649,13.111,32.064
535,GBR,PHARMAEXP,TOT,A,1977,0.662,13.654,35.612
536,GBR,PHARMAEXP,TOT,A,1978,0.665,13.849,40.438
537,GBR,PHARMAEXP,TOT,A,1979,0.646,13.627,44.467
538,GBR,PHARMAEXP,TOT,A,1980,0.685,13.528,52.095
539,GBR,PHARMAEXP,TOT,A,1981,0.707,13.383,58.075
540,GBR,PHARMAEXP,TOT,A,1982,0.742,14.488,64.976
541,GBR,PHARMAEXP,TOT,A,1983,0.76,14.289,71.72
542,GBR,PHARMAEXP,TOT,A,1984,0.794,15.156,79.042
543,GBR,PHARMAEXP,TOT,A,1985,0.771,15.008,82.486
544,GBR,PHARMAEXP,TOT,A,1986,0.772,15.07,87.199
545,GBR,PHARMAEXP,TOT,A,1987,0.749,14.468,91.868
546,GBR,PHARMAEXP,TOT,A,1988,0.746,14.664,100.894
547,GBR,PHARMAEXP,TOT,A,1989,0.744,14.777,109.306
548,GBR,PHARMAEXP,TOT,A,1990,0.737,14.485,113.364
549,GBR,PHARMAEXP,TOT,A,1991,0.806,14.7,123.888
550,GBR,PHARMAEXP,TOT,A,1992,0.896,15.092,140.457
551,GBR,PHARMAEXP,TOT,A,1993,0.932,15.52,154.532
552,GBR,PHARMAEXP,TOT,A,1994,0.969,15.948,168.843
553,GBR,PHARMAEXP,TOT,A,1995,0.896,16.126,176.424
554,GBR,PHARMAEXP,TOT,A,1996,0.916,16.546,193.853
555,GBR,PHARMAEXP,TOT,A,2013,1.214,12.301,449.818
556,GBR,PHARMAEXP,TOT,A,2014,1.201,12.181,456.257
557,GBR,PHARMAEXP,TOT,A,2015,1.183,12.076,458.246
558,GBR,PHARMAEXP,TOT,A,2016,1.164,11.964,471.393
559,GBR,PHARMAEXP,TOT,A,2017,1.128,11.753,474.684
560,GBR,PHARMAEXP,TOT,A,2018,1.095,11.253,471.311
561,GBR,PHARMAEXP,TOT,A,2019,1.093,10.976,481.75
562,GBR,PHARMAEXP,TOT,A,2020,1.286,10.579,528.752
563,GBR,PHARMAEXP,TOT,A,2021,1.17,9.463,517.288
564,GRC,PHARMAEXP,TOT,A,1970,1.328,,34.087
565,GRC,PHARMAEXP,TOT,A,1971,1.34,,38.69
566,GRC,PHARMAEXP,TOT,A,1972,1.279,,42.163
567,GRC,PHARMAEXP,TOT,A,1973,1.154,,44.949
568,GRC,PHARMAEXP,TOT,A,1974,1.159,,45.58
569,GRC,PHARMAEXP,TOT,A,1975,1.239,,55.793
570,GRC,PHARMAEXP,TOT,A,1976,1.136,,57.573
571,GRC,PHARMAEXP,TOT,A,1977,1.127,,62.359
572,GRC,PHARMAEXP,TOT,A,1978,1.142,,71.877
573,GRC,PHARMAEXP,TOT,A,1979,1.072,,77.478
574,GRC,PHARMAEXP,TOT,A,1980,1.066,,82.786
575,GRC,PHARMAEXP,TOT,A,1981,1.042,,84.986
576,GRC,PHARMAEXP,TOT,A,1982,0.884,,78.716
577,GRC,PHARMAEXP,TOT,A,1983,0.961,,88.586
578,GRC,PHARMAEXP,TOT,A,1984,0.949,,94.33
579,GRC,PHARMAEXP,TOT,A,1985,0.982,,102.734
580,GRC,PHARMAEXP,TOT,A,1986,1.076,,112.053
581,GRC,PHARMAEXP,TOT,A,1987,0.846,,87.024
582,GRC,PHARMAEXP,TOT,A,1988,0.844,15.393,95.012
583,GRC,PHARMAEXP,TOT,A,1989,0.851,14.147,104.155
584,GRC,PHARMAEXP,TOT,A,1990,0.907,14.942,115.601
585,GRC,PHARMAEXP,TOT,A,1991,1.012,17.082,135.989
586,GRC,PHARMAEXP,TOT,A,1992,1.154,17.802,158.029
587,GRC,PHARMAEXP,TOT,A,1993,1.257,17.283,173.091
588,GRC,PHARMAEXP,TOT,A,1994,1.335,16.73,190.818
589,GRC,PHARMAEXP,TOT,A,1995,1.3,16.305,194.263
590,GRC,PHARMAEXP,TOT,A,1996,1.315,16.693,206.003
591,GRC,PHARMAEXP,TOT,A,1997,1.298,16.871,217.478
592,GRC,PHARMAEXP,TOT,A,1998,1.097,14.475,192.313
593,GRC,PHARMAEXP,TOT,A,1999,1.171,15.079,209.652
594,GRC,PHARMAEXP,TOT,A,2000,1.439,19.871,281.854
595,GRC,PHARMAEXP,TOT,A,2001,1.524,19.075,324.459
596,GRC,PHARMAEXP,TOT,A,2002,1.643,19.949,389.24
597,GRC,PHARMAEXP,TOT,A,2003,2.076,24.572,503.399
598,GRC,PHARMAEXP,TOT,A,2004,2.0,24.716,519.224
599,GRC,PHARMAEXP,TOT,A,2005,2.136,24.944,547.175
600,GRC,PHARMAEXP,TOT,A,2006,2.206,26.709,615.122
601,GRC,PHARMAEXP,TOT,A,2007,2.255,26.848,651.201
602,GRC,PHARMAEXP,TOT,A,2008,2.433,27.566,734.77
603,GRC,PHARMAEXP,TOT,A,2009,2.573,27.349,748.159
604,GRC,PHARMAEXP,TOT,A,2010,2.761,28.766,749.826
605,GRC,PHARMAEXP,TOT,A,2011,2.848,30.981,709.328
606,GRC,PHARMAEXP,TOT,A,2012,2.588,29.002,622.251
607,GRC,PHARMAEXP,TOT,A,2013,2.314,27.424,572.577
608,GRC,PHARMAEXP,TOT,A,2014,2.229,28.242,567.977
609,GRC,PHARMAEXP,TOT,A,2015,2.239,27.234,578.16
610,GRC,PHARMAEXP,TOT,A,2016,2.362,27.953,631.254
611,GRC,PHARMAEXP,TOT,A,2017,2.339,28.75,647.113
612,GRC,PHARMAEXP,TOT,A,2018,2.22,27.342,632.89
613,GRC,PHARMAEXP,TOT,A,2019,2.324,28.35,666.093
614,GRC,PHARMAEXP,TOT,A,2020,2.87,30.198,750.761
615,GRC,PHARMAEXP,TOT,A,2021,2.481,27.047,740.123
616,HRV,PHARMAEXP,TOT,A,2011,2.23,29.869,449.42
617,HRV,PHARMAEXP,TOT,A,2012,2.255,30.083,465.814
618,HRV,PHARMAEXP,TOT,A,2013,1.629,25.348,349.071
619,HRV,PHARMAEXP,TOT,A,2014,1.459,22.065,318.187
620,HRV,PHARMAEXP,TOT,A,2015,1.41,21.073,320.895
621,HRV,PHARMAEXP,TOT,A,2016,1.457,21.665,362.974
622,HRV,PHARMAEXP,TOT,A,2017,1.437,21.589,380.543
623,HRV,PHARMAEXP,TOT,A,2018,1.384,20.505,385.931
624,HRV,PHARMAEXP,TOT,A,2019,1.377,20.239,413.623
625,HRV,PHARMAEXP,TOT,A,2020,1.613,20.866,450.481
626,HRV,PHARMAEXP,TOT,A,2021,1.458,18.0,469.013
627,HUN,PHARMAEXP,TOT,A,1991,1.912,30.084,177.438
628,HUN,PHARMAEXP,TOT,A,1992,1.975,28.857,180.992
629,HUN,PHARMAEXP,TOT,A,1993,2.121,30.694,198.823
630,HUN,PHARMAEXP,TOT,A,1994,2.241,30.348,220.826
631,HUN,PHARMAEXP,TOT,A,1995,1.796,26.713,183.099
632,HUN,PHARMAEXP,TOT,A,1996,1.812,27.273,188.948
633,HUN,PHARMAEXP,TOT,A,1997,1.742,27.639,192.992
634,HUN,PHARMAEXP,TOT,A,2001,2.026,29.674,295.567
635,HUN,PHARMAEXP,TOT,A,2002,2.061,28.947,337.883
636,HUN,PHARMAEXP,TOT,A,2003,2.241,27.593,376.61
637,HUN,PHARMAEXP,TOT,A,2004,2.258,29.108,402.121
638,HUN,PHARMAEXP,TOT,A,2005,2.497,31.27,457.642
639,HUN,PHARMAEXP,TOT,A,2006,2.488,31.981,483.381
640,HUN,PHARMAEXP,TOT,A,2007,2.278,31.617,452.144
641,HUN,PHARMAEXP,TOT,A,2008,2.262,31.912,476.311
642,HUN,PHARMAEXP,TOT,A,2009,2.373,32.863,490.503
643,HUN,PHARMAEXP,TOT,A,2010,2.478,33.273,554.391
644,HUN,PHARMAEXP,TOT,A,2011,2.619,35.001,614.461
645,HUN,PHARMAEXP,TOT,A,2012,2.414,32.579,575.517
646,HUN,PHARMAEXP,TOT,A,2013,2.192,30.293,551.813
647,HUN,PHARMAEXP,TOT,A,2014,2.122,30.112,561.219
648,HUN,PHARMAEXP,TOT,A,2015,2.043,29.8,563.595
649,HUN,PHARMAEXP,TOT,A,2016,2.06,29.474,589.379
650,HUN,PHARMAEXP,TOT,A,2017,1.871,27.751,554.629
651,HUN,PHARMAEXP,TOT,A,2018,1.761,26.762,563.842
652,HUN,PHARMAEXP,TOT,A,2019,1.723,27.435,574.811
653,HUN,PHARMAEXP,TOT,A,2020,1.87,25.663,621.505
654,HUN,PHARMAEXP,TOT,A,2021,1.697,23.003,632.293
655,IRL,PHARMAEXP,TOT,A,1975,0.974,14.749,37.2
656,IRL,PHARMAEXP,TOT,A,1976,0.958,14.869,38.899
657,IRL,PHARMAEXP,TOT,A,1977,0.904,14.717,41.409
658,IRL,PHARMAEXP,TOT,A,1978,0.918,14.189,48.617
659,IRL,PHARMAEXP,TOT,A,1979,0.897,13.191,52.105
660,IRL,PHARMAEXP,TOT,A,1980,0.879,11.707,55.666
661,IRL,PHARMAEXP,TOT,A,1981,0.747,10.527,51.754
662,IRL,PHARMAEXP,TOT,A,1982,0.734,10.546,54.485
663,IRL,PHARMAEXP,TOT,A,1983,0.706,10.115,54.89
664,IRL,PHARMAEXP,TOT,A,1984,0.717,10.509,59.536
665,IRL,PHARMAEXP,TOT,A,1985,0.721,10.539,63.928
666,IRL,PHARMAEXP,TOT,A,1986,0.745,11.044,68.507
667,IRL,PHARMAEXP,TOT,A,1987,0.745,11.546,73.839
668,IRL,PHARMAEXP,TOT,A,1988,0.738,12.019,79.803
669,IRL,PHARMAEXP,TOT,A,1989,0.749,12.994,91.092
670,IRL,PHARMAEXP,TOT,A,1990,0.717,12.777,96.086
671,IRL,PHARMAEXP,TOT,A,1991,0.728,11.995,100.722
672,IRL,PHARMAEXP,TOT,A,1992,0.752,11.891,109.326
673,IRL,PHARMAEXP,TOT,A,1993,0.763,11.968,118.811
674,IRL,PHARMAEXP,TOT,A,1994,0.759,12.097,125.914
675,IRL,PHARMAEXP,TOT,A,1995,0.735,12.044,136.152
676,IRL,PHARMAEXP,TOT,A,1996,0.764,12.882,152.74
677,IRL,PHARMAEXP,TOT,A,1997,0.734,12.558,161.814
678,IRL,PHARMAEXP,TOT,A,1998,0.744,13.213,184.401
679,IRL,PHARMAEXP,TOT,A,1999,0.78,13.97,209.317
680,IRL,PHARMAEXP,TOT,A,2000,0.836,14.176,259.398
681,IRL,PHARMAEXP,TOT,A,2001,0.923,14.435,308.097
682,IRL,PHARMAEXP,TOT,A,2002,0.986,14.779,357.489
683,IRL,PHARMAEXP,TOT,A,2003,1.057,15.088,389.095
684,IRL,PHARMAEXP,TOT,A,2004,1.13,15.655,439.097
685,IRL,PHARMAEXP,TOT,A,2005,1.182,15.473,478.63
686,IRL,PHARMAEXP,TOT,A,2006,1.238,16.465,527.657
687,IRL,PHARMAEXP,TOT,A,2007,1.277,16.356,553.508
688,IRL,PHARMAEXP,TOT,A,2008,1.456,15.953,581.225
689,IRL,PHARMAEXP,TOT,A,2009,1.593,15.135,583.463
690,IRL,PHARMAEXP,TOT,A,2010,1.559,14.815,600.152
691,IRL,PHARMAEXP,TOT,A,2011,1.49,14.047,588.288
692,IRL,PHARMAEXP,TOT,A,2012,1.502,14.169,616.252
693,IRL,PHARMAEXP,TOT,A,2013,1.362,13.256,568.401
694,IRL,PHARMAEXP,TOT,A,2014,1.232,12.95,542.059
695,IRL,PHARMAEXP,TOT,A,2015,0.933,12.717,548.009
696,IRL,PHARMAEXP,TOT,A,2016,0.949,12.705,578.508
697,IRL,PHARMAEXP,TOT,A,2017,0.897,12.59,589.555
698,IRL,PHARMAEXP,TOT,A,2018,0.836,12.161,593.089
699,IRL,PHARMAEXP,TOT,A,2019,0.772,11.5,572.237
700,IRL,PHARMAEXP,TOT,A,2020,0.809,11.376,611.829
701,IRL,PHARMAEXP,TOT,A,2021,0.717,10.67,625.365
702,ISL,PHARMAEXP,TOT,A,1970,0.798,17.13,28.437
703,ISL,PHARMAEXP,TOT,A,1971,0.882,17.31,38.402
704,ISL,PHARMAEXP,TOT,A,1972,0.891,17.838,43.415
705,ISL,PHARMAEXP,TOT,A,1973,0.759,16.597,42.803
706,ISL,PHARMAEXP,TOT,A,1974,0.72,13.78,46.62
707,ISL,PHARMAEXP,TOT,A,1975,0.916,16.23,58.281
708,ISL,PHARMAEXP,TOT,A,1976,0.786,14.845,56.601
709,ISL,PHARMAEXP,TOT,A,1977,0.763,14.553,65.76
710,ISL,PHARMAEXP,TOT,A,1978,0.818,14.505,80.924
711,ISL,PHARMAEXP,TOT,A,1979,0.862,13.522,92.839
712,ISL,PHARMAEXP,TOT,A,1980,0.981,16.628,120.025
713,ISL,PHARMAEXP,TOT,A,1981,0.939,15.576,128.115
714,ISL,PHARMAEXP,TOT,A,1982,1.017,16.104,149.004
715,ISL,PHARMAEXP,TOT,A,1983,1.261,18.211,179.242
716,ISL,PHARMAEXP,TOT,A,1984,1.114,17.058,164.259
717,ISL,PHARMAEXP,TOT,A,1985,1.177,17.414,182.192
718,ISL,PHARMAEXP,TOT,A,1986,1.191,16.508,206.045
719,ISL,PHARMAEXP,TOT,A,1987,1.135,15.35,225.963
720,ISL,PHARMAEXP,TOT,A,1988,1.171,14.692,234.682
721,ISL,PHARMAEXP,TOT,A,1989,1.196,15.347,239.008
722,ISL,PHARMAEXP,TOT,A,1990,1.041,13.98,220.216
723,ISL,PHARMAEXP,TOT,A,1991,0.974,12.775,212.391
724,ISL,PHARMAEXP,TOT,A,1992,1.042,13.313,221.745
725,ISL,PHARMAEXP,TOT,A,1993,1.011,12.78,216.987
726,ISL,PHARMAEXP,TOT,A,1994,1.038,13.419,235.052
727,ISL,PHARMAEXP,TOT,A,1995,1.084,13.794,249.758
728,ISL,PHARMAEXP,TOT,A,1996,1.13,14.277,269.332
729,ISL,PHARMAEXP,TOT,A,1997,1.203,15.489,312.746
730,ISL,PHARMAEXP,TOT,A,1998,1.227,14.498,338.45
731,ISL,PHARMAEXP,TOT,A,1999,1.274,14.402,370.923
732,ISL,PHARMAEXP,TOT,A,2000,1.422,15.975,424.768
733,ISL,PHARMAEXP,TOT,A,2001,1.36,15.542,427.571
734,ISL,PHARMAEXP,TOT,A,2002,1.449,15.404,470.918
735,ISL,PHARMAEXP,TOT,A,2003,1.517,15.593,484.45
736,ISL,PHARMAEXP,TOT,A,2004,1.457,15.617,509.515
737,ISL,PHARMAEXP,TOT,A,2005,1.317,14.719,482.889
738,ISL,PHARMAEXP,TOT,A,2006,1.242,14.52,492.809
739,ISL,PHARMAEXP,TOT,A,2007,1.159,13.878,494.023
740,ISL,PHARMAEXP,TOT,A,2008,1.241,14.873,537.29
741,ISL,PHARMAEXP,TOT,A,2009,1.398,15.934,554.651
742,ISL,PHARMAEXP,TOT,A,2010,1.361,16.277,531.339
743,ISL,PHARMAEXP,TOT,A,2011,1.281,15.622,517.476
744,ISL,PHARMAEXP,TOT,A,2012,1.227,14.994,509.66
745,ISL,PHARMAEXP,TOT,A,2013,1.136,13.901,486.27
746,ISL,PHARMAEXP,TOT,A,2014,1.067,12.971,466.895
747,ISL,PHARMAEXP,TOT,A,2015,1.02,12.644,472.054
748,ISL,PHARMAEXP,TOT,A,2016,0.938,11.588,455.666
749,ISL,PHARMAEXP,TOT,A,2017,0.905,10.95,450.201
750,ISL,PHARMAEXP,TOT,A,2018,0.901,10.759,455.714
751,ISL,PHARMAEXP,TOT,A,2019,0.951,11.082,478.53
752,ISL,PHARMAEXP,TOT,A,2020,1.099,11.426,529.272
753,ISL,PHARMAEXP,TOT,A,2021,1.153,11.847,604.981
754,ISL,PHARMAEXP,TOT,A,2022,1.02,11.902,632.479
755,ISR,PHARMAEXP,TOT,A,2006,0.895,13.333,232.584
756,ISR,PHARMAEXP,TOT,A,2007,0.911,13.602,252.131
757,ISR,PHARMAEXP,TOT,A,2008,0.917,13.435,247.078
758,ISR,PHARMAEXP,TOT,A,2009,0.969,14.012,267.541
759,ISR,PHARMAEXP,TOT,A,2010,0.938,13.623,268.492
760,ISR,PHARMAEXP,TOT,A,2011,0.919,13.436,279.705
761,ISR,PHARMAEXP,TOT,A,2012,0.924,13.25,294.604
762,ISR,PHARMAEXP,TOT,A,2013,0.902,12.957,290.03
763,ISR,PHARMAEXP,TOT,A,2014,0.906,12.858,287.708
764,ISR,PHARMAEXP,TOT,A,2015,0.941,13.401,309.568
765,ISR,PHARMAEXP,TOT,A,2016,0.927,13.062,329.683
766,ISR,PHARMAEXP,TOT,A,2017,0.912,12.706,333.69
767,ISR,PHARMAEXP,TOT,A,2018,0.957,13.247,364.146
768,ISR,PHARMAEXP,TOT,A,2019,0.955,13.316,360.875
769,ISR,PHARMAEXP,TOT,A,2020,1.211,15.707,451.622
770,ITA,PHARMAEXP,TOT,A,1988,1.534,23.07,242.881
771,ITA,PHARMAEXP,TOT,A,1989,1.545,23.294,261.488
772,ITA,PHARMAEXP,TOT,A,1990,1.498,21.43,273.02
773,ITA,PHARMAEXP,TOT,A,1991,1.512,20.922,290.283
774,ITA,PHARMAEXP,TOT,A,1992,1.524,21.474,301.412
775,ITA,PHARMAEXP,TOT,A,1993,1.438,20.351,284.56
776,ITA,PHARMAEXP,TOT,A,1994,1.39,20.117,284.259
777,ITA,PHARMAEXP,TOT,A,1995,1.338,19.534,286.138
778,ITA,PHARMAEXP,TOT,A,1996,1.387,19.968,305.288
779,ITA,PHARMAEXP,TOT,A,1997,1.455,20.183,333.384
780,ITA,PHARMAEXP,TOT,A,1998,1.496,20.643,358.5
781,ITA,PHARMAEXP,TOT,A,1999,1.549,21.177,381.619
782,ITA,PHARMAEXP,TOT,A,2000,1.601,21.158,429.62
783,ITA,PHARMAEXP,TOT,A,2001,1.696,21.92,471.653
784,ITA,PHARMAEXP,TOT,A,2002,1.72,21.865,501.305
785,ITA,PHARMAEXP,TOT,A,2003,1.674,21.375,489.341
786,ITA,PHARMAEXP,TOT,A,2004,1.714,20.996,514.622
787,ITA,PHARMAEXP,TOT,A,2005,1.699,20.37,510.092
788,ITA,PHARMAEXP,TOT,A,2006,1.698,20.124,535.788
789,ITA,PHARMAEXP,TOT,A,2007,1.627,20.002,539.188
790,ITA,PHARMAEXP,TOT,A,2008,1.637,19.185,562.602
791,ITA,PHARMAEXP,TOT,A,2009,1.698,18.964,557.06
792,ITA,PHARMAEXP,TOT,A,2010,1.672,18.75,582.095
793,ITA,PHARMAEXP,TOT,A,2011,1.627,18.544,574.551
794,ITA,PHARMAEXP,TOT,A,2012,1.461,16.633,510.916
795,ITA,PHARMAEXP,TOT,A,2013,1.497,17.063,519.224
796,ITA,PHARMAEXP,TOT,A,2014,1.508,17.007,516.479
797,ITA,PHARMAEXP,TOT,A,2015,1.582,17.861,551.703
798,ITA,PHARMAEXP,TOT,A,2016,1.54,17.647,577.766
799,ITA,PHARMAEXP,TOT,A,2017,1.528,17.609,594.489
800,ITA,PHARMAEXP,TOT,A,2018,1.554,17.896,625.637
801,ITA,PHARMAEXP,TOT,A,2019,1.581,18.267,651.265
802,ITA,PHARMAEXP,TOT,A,2020,1.699,17.655,662.612
803,ITA,PHARMAEXP,TOT,A,2021,1.606,17.111,691.708
804,ITA,PHARMAEXP,TOT,A,2022,1.57,17.435,748.081
805,JPN,PHARMAEXP,TOT,A,1980,1.295,21.181,113.323
806,JPN,PHARMAEXP,TOT,A,1984,1.214,19.458,145.151
807,JPN,PHARMAEXP,TOT,A,1985,1.142,17.973,147.09
808,JPN,PHARMAEXP,TOT,A,1986,1.188,18.892,162.442
809,JPN,PHARMAEXP,TOT,A,1987,1.271,20.271,185.826
810,JPN,PHARMAEXP,TOT,A,1988,1.238,20.631,199.967
811,JPN,PHARMAEXP,TOT,A,1989,1.293,22.319,227.937
812,JPN,PHARMAEXP,TOT,A,1990,1.213,21.422,233.282
813,JPN,PHARMAEXP,TOT,A,1991,1.297,22.868,266.744
814,JPN,PHARMAEXP,TOT,A,1992,1.302,22.009,275.869
815,JPN,PHARMAEXP,TOT,A,1993,1.383,22.255,296.49
816,JPN,PHARMAEXP,TOT,A,1994,1.361,21.057,299.07
817,JPN,PHARMAEXP,TOT,A,1995,1.299,21.039,297.368
818,JPN,PHARMAEXP,TOT,A,1996,1.265,21.039,302.192
819,JPN,PHARMAEXP,TOT,A,1997,1.226,19.496,298.214
820,JPN,PHARMAEXP,TOT,A,1998,1.168,17.942,281.881
821,JPN,PHARMAEXP,TOT,A,1999,1.246,18.152,302.756
822,JPN,PHARMAEXP,TOT,A,2000,1.295,18.406,340.098
823,JPN,PHARMAEXP,TOT,A,2001,1.365,18.859,366.913
824,JPN,PHARMAEXP,TOT,A,2002,1.37,18.64,384.942
825,JPN,PHARMAEXP,TOT,A,2003,1.462,19.527,428.518
826,JPN,PHARMAEXP,TOT,A,2004,1.466,19.459,448.278
827,JPN,PHARMAEXP,TOT,A,2005,1.516,19.794,489.158
828,JPN,PHARMAEXP,TOT,A,2006,1.521,19.789,506.852
829,JPN,PHARMAEXP,TOT,A,2007,1.554,19.972,537.234
830,JPN,PHARMAEXP,TOT,A,2008,1.61,19.9,557.041
831,JPN,PHARMAEXP,TOT,A,2009,1.88,20.982,623.452
832,JPN,PHARMAEXP,TOT,A,2010,1.855,20.473,648.83
833,JPN,PHARMAEXP,TOT,A,2011,1.983,18.911,707.419
834,JPN,PHARMAEXP,TOT,A,2012,2.016,18.887,749.96
835,JPN,PHARMAEXP,TOT,A,2013,2.013,18.854,812.268
836,JPN,PHARMAEXP,TOT,A,2014,2.017,18.803,813.859
837,JPN,PHARMAEXP,TOT,A,2015,2.121,19.735,891.136
838,JPN,PHARMAEXP,TOT,A,2016,1.979,18.569,797.703
839,JPN,PHARMAEXP,TOT,A,2017,1.947,18.272,806.324
840,JPN,PHARMAEXP,TOT,A,2018,1.911,17.796,810.493
841,JPN,PHARMAEXP,TOT,A,2019,2.271,20.7,954.452
842,JPN,PHARMAEXP,TOT,A,2020,1.991,18.096,835.93
843,KOR,PHARMAEXP,TOT,A,1970,0.539,20.498,3.976
844,KOR,PHARMAEXP,TOT,A,1971,0.448,19.623,3.628
845,KOR,PHARMAEXP,TOT,A,1972,0.418,20.103,3.754
846,KOR,PHARMAEXP,TOT,A,1973,0.357,20.079,3.853
847,KOR,PHARMAEXP,TOT,A,1974,0.308,19.946,3.826
848,KOR,PHARMAEXP,TOT,A,1975,0.475,20.461,6.505
849,KOR,PHARMAEXP,TOT,A,1976,0.489,20.913,7.968
850,KOR,PHARMAEXP,TOT,A,1977,0.451,20.377,8.546
851,KOR,PHARMAEXP,TOT,A,1978,0.501,20.877,11.123
852,KOR,PHARMAEXP,TOT,A,1979,0.659,21.138,16.948
853,KOR,PHARMAEXP,TOT,A,1980,0.724,21.059,19.307
854,KOR,PHARMAEXP,TOT,A,1981,0.768,21.515,23.16
855,KOR,PHARMAEXP,TOT,A,1982,0.76,21.542,25.939
856,KOR,PHARMAEXP,TOT,A,1983,0.736,21.544,29.488
857,KOR,PHARMAEXP,TOT,A,1984,0.692,21.316,31.634
858,KOR,PHARMAEXP,TOT,A,1985,0.704,21.452,35.477
859,KOR,PHARMAEXP,TOT,A,1986,0.676,21.47,39.33
860,KOR,PHARMAEXP,TOT,A,1987,0.658,21.475,44.306
861,KOR,PHARMAEXP,TOT,A,1988,0.675,21.153,52.782
862,KOR,PHARMAEXP,TOT,A,1989,0.789,21.51,67.744
863,KOR,PHARMAEXP,TOT,A,1990,0.766,21.222,75.144
864,KOR,PHARMAEXP,TOT,A,1991,0.731,21.219,79.721
865,KOR,PHARMAEXP,TOT,A,1992,0.733,20.58,85.532
866,KOR,PHARMAEXP,TOT,A,1993,0.74,21.279,93.46
867,KOR,PHARMAEXP,TOT,A,1994,0.736,22.389,101.429
868,KOR,PHARMAEXP,TOT,A,1995,0.756,22.904,115.405
869,KOR,PHARMAEXP,TOT,A,1996,0.805,22.837,130.478
870,KOR,PHARMAEXP,TOT,A,1997,0.799,23.065,135.67
871,KOR,PHARMAEXP,TOT,A,1998,0.809,22.294,128.674
872,KOR,PHARMAEXP,TOT,A,1999,0.856,22.414,147.512
873,KOR,PHARMAEXP,TOT,A,2000,0.944,24.478,175.568
874,KOR,PHARMAEXP,TOT,A,2001,1.139,26.517,221.635
875,KOR,PHARMAEXP,TOT,A,2002,1.114,27.74,236.974
876,KOR,PHARMAEXP,TOT,A,2003,1.223,28.558,269.091
877,KOR,PHARMAEXP,TOT,A,2004,1.217,28.51,286.454
878,KOR,PHARMAEXP,TOT,A,2005,1.254,27.579,308.164
879,KOR,PHARMAEXP,TOT,A,2006,1.36,28.059,351.33
880,KOR,PHARMAEXP,TOT,A,2007,1.361,27.469,381.905
881,KOR,PHARMAEXP,TOT,A,2008,1.385,26.395,399.108
882,KOR,PHARMAEXP,TOT,A,2009,1.468,25.936,427.538
883,KOR,PHARMAEXP,TOT,A,2010,1.464,25.155,464.663
884,KOR,PHARMAEXP,TOT,A,2011,1.459,24.661,477.438
885,KOR,PHARMAEXP,TOT,A,2012,1.435,23.782,484.619
886,KOR,PHARMAEXP,TOT,A,2013,1.389,22.588,473.375
887,KOR,PHARMAEXP,TOT,A,2014,1.393,21.747,480.067
888,KOR,PHARMAEXP,TOT,A,2015,1.388,21.061,519.359
889,KOR,PHARMAEXP,TOT,A,2016,1.441,20.976,554.942
890,KOR,PHARMAEXP,TOT,A,2017,1.452,20.608,574.407
891,KOR,PHARMAEXP,TOT,A,2018,1.51,20.16,618.331
892,KOR,PHARMAEXP,TOT,A,2019,1.594,19.503,641.797
893,KOR,PHARMAEXP,TOT,A,2020,1.68,20.123,722.445
894,KOR,PHARMAEXP,TOT,A,2021,1.65,17.677,740.501
895,KOR,PHARMAEXP,TOT,A,2022,1.709,17.579,803.251
896,LTU,PHARMAEXP,TOT,A,2004,1.869,33.914,267.716
897,LTU,PHARMAEXP,TOT,A,2005,1.94,34.341,304.161
898,LTU,PHARMAEXP,TOT,A,2006,1.811,30.993,313.348
899,LTU,PHARMAEXP,TOT,A,2007,1.641,28.47,329.984
900,LTU,PHARMAEXP,TOT,A,2008,1.645,26.126,351.979
901,LTU,PHARMAEXP,TOT,A,2009,1.964,26.661,352.772
902,LTU,PHARMAEXP,TOT,A,2010,1.821,26.716,366.467
903,LTU,PHARMAEXP,TOT,A,2011,1.689,26.038,386.597
904,LTU,PHARMAEXP,TOT,A,2012,1.816,28.942,453.815
905,LTU,PHARMAEXP,TOT,A,2013,1.726,28.173,468.395
906,LTU,PHARMAEXP,TOT,A,2014,1.724,27.836,495.942
907,LTU,PHARMAEXP,TOT,A,2015,1.744,26.869,515.108
908,LTU,PHARMAEXP,TOT,A,2016,1.805,27.189,570.369
909,LTU,PHARMAEXP,TOT,A,2017,1.552,24.005,535.543
910,LTU,PHARMAEXP,TOT,A,2018,1.44,22.054,528.595
911,LTU,PHARMAEXP,TOT,A,2019,1.57,22.458,602.343
912,LTU,PHARMAEXP,TOT,A,2020,1.618,21.624,622.44
913,LTU,PHARMAEXP,TOT,A,2021,1.535,19.624,654.752
914,LUX,PHARMAEXP,TOT,A,1970,0.608,,32.065
915,LUX,PHARMAEXP,TOT,A,1971,0.676,,35.959
916,LUX,PHARMAEXP,TOT,A,1972,0.652,,38.127
917,LUX,PHARMAEXP,TOT,A,1973,0.627,,44.341
918,LUX,PHARMAEXP,TOT,A,1974,0.597,,50.769
919,LUX,PHARMAEXP,TOT,A,1975,0.707,,54.189
920,LUX,PHARMAEXP,TOT,A,1976,0.71,17.587,60.128
921,LUX,PHARMAEXP,TOT,A,1977,0.719,16.39,63.006
922,LUX,PHARMAEXP,TOT,A,1978,0.754,16.285,74.606
923,LUX,PHARMAEXP,TOT,A,1979,0.751,15.969,83.703
924,LUX,PHARMAEXP,TOT,A,1980,0.749,15.579,93.153
925,LUX,PHARMAEXP,TOT,A,1981,0.774,15.692,102.724
926,LUX,PHARMAEXP,TOT,A,1982,0.729,15.163,103.473
927,LUX,PHARMAEXP,TOT,A,1983,0.707,14.993,106.374
928,LUX,PHARMAEXP,TOT,A,1984,0.713,15.4,115.811
929,LUX,PHARMAEXP,TOT,A,1985,0.755,16.106,128.669
930,LUX,PHARMAEXP,TOT,A,1986,0.762,16.361,144.592
931,LUX,PHARMAEXP,TOT,A,1987,0.819,16.152,164.381
932,LUX,PHARMAEXP,TOT,A,1988,0.813,15.491,183.43
933,LUX,PHARMAEXP,TOT,A,1989,0.802,15.674,207.18
934,LUX,PHARMAEXP,TOT,A,1990,0.793,14.939,220.448
935,LUX,PHARMAEXP,TOT,A,1991,0.764,15.004,232.561
936,LUX,PHARMAEXP,TOT,A,1994,0.646,12.248,227.52
937,LUX,PHARMAEXP,TOT,A,1995,0.664,12.038,252.509
938,LUX,PHARMAEXP,TOT,A,1996,0.642,11.524,255.563
939,LUX,PHARMAEXP,TOT,A,1997,0.67,12.647,287.122
940,LUX,PHARMAEXP,TOT,A,1998,0.67,12.309,298.88
941,LUX,PHARMAEXP,TOT,A,1999,0.672,11.965,338.318
942,LUX,PHARMAEXP,TOT,A,2000,0.654,11.036,376.489
943,LUX,PHARMAEXP,TOT,A,2001,0.699,10.958,407.024
944,LUX,PHARMAEXP,TOT,A,2002,0.735,10.879,462.209
945,LUX,PHARMAEXP,TOT,A,2003,0.763,10.965,483.735
946,LUX,PHARMAEXP,TOT,A,2004,0.758,10.412,497.269
947,LUX,PHARMAEXP,TOT,A,2005,0.727,10.208,498.272
948,LUX,PHARMAEXP,TOT,A,2006,0.677,10.198,525.621
949,LUX,PHARMAEXP,TOT,A,2007,0.657,10.673,542.908
950,LUX,PHARMAEXP,TOT,A,2008,0.637,10.226,555.407
951,LUX,PHARMAEXP,TOT,A,2009,0.685,9.86,563.008
952,LUX,PHARMAEXP,TOT,A,2010,0.644,9.668,543.835
953,LUX,PHARMAEXP,TOT,A,2011,0.528,8.877,428.823
954,LUX,PHARMAEXP,TOT,A,2012,0.663,12.526,554.233
955,LUX,PHARMAEXP,TOT,A,2013,0.639,12.198,565.568
956,LUX,PHARMAEXP,TOT,A,2014,0.612,11.697,550.605
957,LUX,PHARMAEXP,TOT,A,2015,0.594,11.681,548.094
958,LUX,PHARMAEXP,TOT,A,2016,0.588,11.603,565.786
959,LUX,PHARMAEXP,TOT,A,2017,0.587,11.433,570.39
960,LUX,PHARMAEXP,TOT,A,2018,0.595,11.277,596.77
961,LUX,PHARMAEXP,TOT,A,2019,0.58,10.601,570.325
962,LUX,PHARMAEXP,TOT,A,2020,0.596,10.425,586.787
963,LUX,PHARMAEXP,TOT,A,2021,0.618,10.903,683.994
964,LUX,PHARMAEXP,TOT,A,2022,0.599,10.975,706.372
965,LVA,PHARMAEXP,TOT,A,2004,1.469,23.68,188.585
966,LVA,PHARMAEXP,TOT,A,2005,1.315,22.548,189.344
967,LVA,PHARMAEXP,TOT,A,2006,1.322,23.176,217.575
968,LVA,PHARMAEXP,TOT,A,2007,1.522,27.619,299.618
969,LVA,PHARMAEXP,TOT,A,2008,1.2,21.484,240.268
970,LVA,PHARMAEXP,TOT,A,2009,1.485,24.354,245.2
971,LVA,PHARMAEXP,TOT,A,2010,1.573,25.794,277.587
972,LVA,PHARMAEXP,TOT,A,2011,1.494,26.092,281.155
973,LVA,PHARMAEXP,TOT,A,2012,1.381,25.519,295.051
974,LVA,PHARMAEXP,TOT,A,2013,1.422,26.284,323.219
975,LVA,PHARMAEXP,TOT,A,2014,1.473,26.97,346.969
976,LVA,PHARMAEXP,TOT,A,2015,1.563,27.649,388.369
977,LVA,PHARMAEXP,TOT,A,2016,1.735,28.286,456.477
978,LVA,PHARMAEXP,TOT,A,2017,1.635,27.404,459.41
979,LVA,PHARMAEXP,TOT,A,2018,1.639,26.487,492.906
980,LVA,PHARMAEXP,TOT,A,2019,1.566,23.677,479.593
981,LVA,PHARMAEXP,TOT,A,2020,1.657,22.889,509.939
982,LVA,PHARMAEXP,TOT,A,2021,1.518,16.784,523.942
983,MEX,PHARMAEXP,TOT,A,1999,0.832,18.935,90.205
984,MEX,PHARMAEXP,TOT,A,2000,0.887,19.936,103.114
985,MEX,PHARMAEXP,TOT,A,2001,0.959,19.889,112.922
986,MEX,PHARMAEXP,TOT,A,2002,1.098,21.64,129.947
987,MEX,PHARMAEXP,TOT,A,2003,2.087,35.894,247.284
988,MEX,PHARMAEXP,TOT,A,2004,2.087,35.048,269.151
989,MEX,PHARMAEXP,TOT,A,2005,2.078,35.603,274.714
990,MEX,PHARMAEXP,TOT,A,2006,1.964,34.725,285.489
991,MEX,PHARMAEXP,TOT,A,2007,1.956,33.928,295.376
992,MEX,PHARMAEXP,TOT,A,2008,1.889,33.143,298.247
993,MEX,PHARMAEXP,TOT,A,2009,1.989,32.454,295.992
994,MEX,PHARMAEXP,TOT,A,2010,1.462,25.476,227.703
995,MEX,PHARMAEXP,TOT,A,2011,1.247,22.593,206.052
996,MEX,PHARMAEXP,TOT,A,2012,1.325,23.389,227.68
997,MEX,PHARMAEXP,TOT,A,2013,1.311,22.564,226.219
998,MEX,PHARMAEXP,TOT,A,2014,1.279,23.036,227.957
999,MEX,PHARMAEXP,TOT,A,2015,1.295,22.633,240.501
1000,MEX,PHARMAEXP,TOT,A,2016,1.262,22.725,250.617
1001,MEX,PHARMAEXP,TOT,A,2017,1.253,22.965,252.536
1002,MEX,PHARMAEXP,TOT,A,2018,1.219,22.651,254.189
1003,MEX,PHARMAEXP,TOT,A,2019,1.207,22.155,247.519
1004,MEX,PHARMAEXP,TOT,A,2020,1.339,21.516,263.922
1005,MEX,PHARMAEXP,TOT,A,2021,1.343,22.102,279.02
1006,MLT,PHARMAEXP,TOT,A,2014,1.574,17.32,516.201
1007,MLT,PHARMAEXP,TOT,A,2015,1.593,17.907,575.784
1008,MLT,PHARMAEXP,TOT,A,2016,1.482,16.532,570.587
1009,MLT,PHARMAEXP,TOT,A,2017,1.487,17.027,622.204
1010,MLT,PHARMAEXP,TOT,A,2018,1.439,16.801,633.735
1011,MLT,PHARMAEXP,TOT,A,2019,1.8,19.672,817.212
1012,MLT,PHARMAEXP,TOT,A,2020,2.36,21.957,947.614
1013,NLD,PHARMAEXP,TOT,A,1972,0.653,11.687,36.08
1014,NLD,PHARMAEXP,TOT,A,1973,0.629,11.175,38.209
1015,NLD,PHARMAEXP,TOT,A,1974,0.601,10.327,41.167
1016,NLD,PHARMAEXP,TOT,A,1975,0.609,9.894,44.807
1017,NLD,PHARMAEXP,TOT,A,1976,0.581,9.525,46.871
1018,NLD,PHARMAEXP,TOT,A,1977,0.568,9.183,49.722
1019,NLD,PHARMAEXP,TOT,A,1978,0.564,8.954,54.18
1020,NLD,PHARMAEXP,TOT,A,1979,0.559,8.645,58.294
1021,NLD,PHARMAEXP,TOT,A,1980,0.548,8.412,63.144
1022,NLD,PHARMAEXP,TOT,A,1981,0.553,8.378,67.711
1023,NLD,PHARMAEXP,TOT,A,1982,0.591,8.651,74.904
1024,NLD,PHARMAEXP,TOT,A,1983,0.584,8.547,77.52
1025,NLD,PHARMAEXP,TOT,A,1984,0.606,9.244,87.005
1026,NLD,PHARMAEXP,TOT,A,1985,0.628,9.595,93.786
1027,NLD,PHARMAEXP,TOT,A,1986,0.661,9.969,103.232
1028,NLD,PHARMAEXP,TOT,A,1987,0.701,10.399,113.058
1029,NLD,PHARMAEXP,TOT,A,1988,0.698,10.472,120.049
1030,NLD,PHARMAEXP,TOT,A,1989,0.682,9.973,126.614
1031,NLD,PHARMAEXP,TOT,A,1990,0.711,10.168,142.348
1032,NLD,PHARMAEXP,TOT,A,1991,0.727,10.144,152.244
1033,NLD,PHARMAEXP,TOT,A,1992,0.811,10.996,174.608
1034,NLD,PHARMAEXP,TOT,A,1993,0.861,11.522,190.046
1035,NLD,PHARMAEXP,TOT,A,1994,0.839,11.406,192.769
1036,NLD,PHARMAEXP,TOT,A,1995,0.847,11.65,203.723
1037,NLD,PHARMAEXP,TOT,A,1996,0.839,11.627,211.859
1038,NLD,PHARMAEXP,TOT,A,1997,0.808,11.499,216.569
1039,NLD,PHARMAEXP,TOT,A,1998,0.907,11.641,258.031
1040,NLD,PHARMAEXP,TOT,A,1999,0.935,11.952,283.513
1041,NLD,PHARMAEXP,TOT,A,2000,0.927,12.025,318.355
1042,NLD,PHARMAEXP,TOT,A,2001,0.95,11.79,339.924
1043,NLD,PHARMAEXP,TOT,A,2002,0.988,11.427,376.751
1044,NLD,PHARMAEXP,TOT,A,2003,1.03,11.375,376.391
1045,NLD,PHARMAEXP,TOT,A,2004,1.017,11.167,390.264
1046,NLD,PHARMAEXP,TOT,A,2005,1.014,11.151,399.59
1047,NLD,PHARMAEXP,TOT,A,2006,0.969,10.669,408.591
1048,NLD,PHARMAEXP,TOT,A,2007,0.986,10.895,444.177
1049,NLD,PHARMAEXP,TOT,A,2008,0.925,9.974,436.684
1050,NLD,PHARMAEXP,TOT,A,2009,0.96,9.608,425.964
1051,NLD,PHARMAEXP,TOT,A,2010,0.961,9.464,423.464
1052,NLD,PHARMAEXP,TOT,A,2011,0.956,9.341,426.645
1053,NLD,PHARMAEXP,TOT,A,2012,0.861,8.173,390.837
1054,NLD,PHARMAEXP,TOT,A,2013,0.812,7.668,377.565
1055,NLD,PHARMAEXP,TOT,A,2014,0.794,7.518,370.976
1056,NLD,PHARMAEXP,TOT,A,2015,0.798,7.732,380.966
1057,NLD,PHARMAEXP,TOT,A,2016,0.793,7.707,392.751
1058,NLD,PHARMAEXP,TOT,A,2017,0.767,7.583,398.395
1059,NLD,PHARMAEXP,TOT,A,2018,0.739,7.379,404.562
1060,NLD,PHARMAEXP,TOT,A,2019,0.74,7.302,412.076
1061,NLD,PHARMAEXP,TOT,A,2020,0.772,6.884,426.645
1062,NLD,PHARMAEXP,TOT,A,2021,0.708,6.223,422.259
1063,NOR,PHARMAEXP,TOT,A,1970,0.342,8.564,13.208
1064,NOR,PHARMAEXP,TOT,A,1971,0.338,7.933,14.239
1065,NOR,PHARMAEXP,TOT,A,1972,0.332,7.166,14.915
1066,NOR,PHARMAEXP,TOT,A,1973,0.338,7.057,16.755
1067,NOR,PHARMAEXP,TOT,A,1974,0.346,7.236,19.766
1068,NOR,PHARMAEXP,TOT,A,1975,0.369,7.103,23.276
1069,NOR,PHARMAEXP,TOT,A,1976,0.366,6.876,25.372
1070,NOR,PHARMAEXP,TOT,A,1977,0.353,6.355,26.816
1071,NOR,PHARMAEXP,TOT,A,1978,0.338,5.545,27.906
1072,NOR,PHARMAEXP,TOT,A,1979,0.322,5.787,30.409
1073,NOR,PHARMAEXP,TOT,A,1980,0.596,11.023,67.039
1074,NOR,PHARMAEXP,TOT,A,1981,0.59,10.847,73.48
1075,NOR,PHARMAEXP,TOT,A,1982,0.614,10.88,80.154
1076,NOR,PHARMAEXP,TOT,A,1983,0.621,10.673,86.599
1077,NOR,PHARMAEXP,TOT,A,1984,0.599,10.941,91.848
1078,NOR,PHARMAEXP,TOT,A,1985,0.584,10.661,96.851
1079,NOR,PHARMAEXP,TOT,A,1986,0.622,10.51,101.53
1080,NOR,PHARMAEXP,TOT,A,1987,0.635,10.322,107.108
1081,NOR,PHARMAEXP,TOT,A,1988,0.485,7.712,83.498
1082,NOR,PHARMAEXP,TOT,A,1989,0.498,8.141,90.746
1083,NOR,PHARMAEXP,TOT,A,1990,0.542,7.659,104.245
1084,NOR,PHARMAEXP,TOT,A,1991,0.573,7.799,115.539
1085,NOR,PHARMAEXP,TOT,A,1992,0.593,7.903,123.026
1086,NOR,PHARMAEXP,TOT,A,1993,0.745,10.101,162.161
1087,NOR,PHARMAEXP,TOT,A,1994,0.677,9.282,155.02
1088,NOR,PHARMAEXP,TOT,A,1995,0.692,9.514,168.364
1089,NOR,PHARMAEXP,TOT,A,1996,0.694,9.653,186.204
1090,NOR,PHARMAEXP,TOT,A,1997,0.746,9.633,211.798
1091,NOR,PHARMAEXP,TOT,A,1998,0.808,9.592,227.099
1092,NOR,PHARMAEXP,TOT,A,1999,0.809,9.601,241.838
1093,NOR,PHARMAEXP,TOT,A,2000,0.787,10.212,285.304
1094,NOR,PHARMAEXP,TOT,A,2001,0.8,9.993,293.627
1095,NOR,PHARMAEXP,TOT,A,2002,0.903,10.057,340.848
1096,NOR,PHARMAEXP,TOT,A,2003,0.908,9.877,340.564
1097,NOR,PHARMAEXP,TOT,A,2004,0.885,10.062,367.833
1098,NOR,PHARMAEXP,TOT,A,2005,0.802,9.662,361.461
1099,NOR,PHARMAEXP,TOT,A,2006,0.728,9.232,366.17
1100,NOR,PHARMAEXP,TOT,A,2007,0.688,8.579,369.924
1101,NOR,PHARMAEXP,TOT,A,2008,0.629,7.95,366.041
1102,NOR,PHARMAEXP,TOT,A,2009,0.687,7.606,355.65
1103,NOR,PHARMAEXP,TOT,A,2010,0.678,7.653,365.574
1104,NOR,PHARMAEXP,TOT,A,2011,0.699,7.998,397.13
1105,NOR,PHARMAEXP,TOT,A,2012,0.674,7.733,402.861
1106,NOR,PHARMAEXP,TOT,A,2013,0.673,7.589,416.312
1107,NOR,PHARMAEXP,TOT,A,2014,0.695,7.49,427.469
1108,NOR,PHARMAEXP,TOT,A,2015,0.773,7.676,439.572
1109,NOR,PHARMAEXP,TOT,A,2016,0.797,7.566,446.702
1110,NOR,PHARMAEXP,TOT,A,2017,0.781,7.636,476.049
1111,NOR,PHARMAEXP,TOT,A,2018,0.728,7.307,474.604
1112,NOR,PHARMAEXP,TOT,A,2019,0.73,6.995,453.009
1113,NOR,PHARMAEXP,TOT,A,2020,0.808,7.182,472.666
1114,NOR,PHARMAEXP,TOT,A,2021,0.723,7.29,513.409
1115,NZL,PHARMAEXP,TOT,A,1971,0.572,11.429,25.961
1116,NZL,PHARMAEXP,TOT,A,1976,0.644,10.638,43.188
1117,NZL,PHARMAEXP,TOT,A,1980,0.684,11.865,59.362
1118,NZL,PHARMAEXP,TOT,A,1981,0.62,10.843,61.063
1119,NZL,PHARMAEXP,TOT,A,1982,0.658,11.429,68.07
1120,NZL,PHARMAEXP,TOT,A,1983,0.671,11.962,75.853
1121,NZL,PHARMAEXP,TOT,A,1984,0.66,12.433,80.094
1122,NZL,PHARMAEXP,TOT,A,1985,0.65,13.308,80.634
1123,NZL,PHARMAEXP,TOT,A,1986,0.73,14.491,96.564
1124,NZL,PHARMAEXP,TOT,A,1987,0.819,14.699,112.83
1125,NZL,PHARMAEXP,TOT,A,1988,0.865,14.213,125.741
1126,NZL,PHARMAEXP,TOT,A,1989,0.895,14.344,136.465
1127,NZL,PHARMAEXP,TOT,A,1990,0.916,13.751,140.639
1128,NZL,PHARMAEXP,TOT,A,1991,0.999,14.071,150.424
1129,NZL,PHARMAEXP,TOT,A,1992,1.028,14.218,159.495
1130,NZL,PHARMAEXP,TOT,A,1993,1.03,14.854,174.078
1131,NZL,PHARMAEXP,TOT,A,1994,1.099,15.806,197.089
1132,NZL,PHARMAEXP,TOT,A,1995,1.027,14.775,193.03
1133,NZL,PHARMAEXP,TOT,A,1996,1.002,14.541,195.076
1134,NZL,PHARMAEXP,TOT,A,1997,1.019,14.355,203.749
1135,NZL,PHARMAEXP,TOT,A,2004,0.851,10.767,223.715
1136,NZL,PHARMAEXP,TOT,A,2005,0.885,10.697,234.745
1137,NZL,PHARMAEXP,TOT,A,2006,0.977,11.308,275.817
1138,NZL,PHARMAEXP,TOT,A,2007,0.866,10.394,264.084
1139,POL,PHARMAEXP,TOT,A,2002,1.79,29.509,228.42
1140,POL,PHARMAEXP,TOT,A,2003,1.88,31.574,246.776
1141,POL,PHARMAEXP,TOT,A,2004,1.819,31.0,259.635
1142,POL,PHARMAEXP,TOT,A,2005,1.728,29.762,248.394
1143,POL,PHARMAEXP,TOT,A,2006,1.672,28.819,260.35
1144,POL,PHARMAEXP,TOT,A,2007,1.559,26.54,278.92
1145,POL,PHARMAEXP,TOT,A,2008,1.569,24.605,300.86
1146,POL,PHARMAEXP,TOT,A,2009,1.619,24.574,322.516
1147,POL,PHARMAEXP,TOT,A,2010,1.574,24.333,346.358
1148,POL,PHARMAEXP,TOT,A,2011,1.518,24.148,361.408
1149,POL,PHARMAEXP,TOT,A,2012,1.394,22.255,351.322
1150,POL,PHARMAEXP,TOT,A,2013,1.406,21.704,362.625
1151,POL,PHARMAEXP,TOT,A,2014,1.357,21.468,362.176
1152,POL,PHARMAEXP,TOT,A,2015,1.359,21.213,385.842
1153,POL,PHARMAEXP,TOT,A,2016,1.379,20.983,411.073
1154,POL,PHARMAEXP,TOT,A,2017,1.338,20.331,419.371
1155,POL,PHARMAEXP,TOT,A,2018,1.313,20.794,438.06
1156,POL,PHARMAEXP,TOT,A,2019,1.273,19.699,439.759
1157,POL,PHARMAEXP,TOT,A,2020,1.282,19.735,451.159
1158,POL,PHARMAEXP,TOT,A,2021,1.224,19.004,479.358
1159,PRT,PHARMAEXP,TOT,A,1970,0.322,14.226,6.345
1160,PRT,PHARMAEXP,TOT,A,1977,0.846,20.706,32.726
1161,PRT,PHARMAEXP,TOT,A,1978,1.021,24.23,43.584
1162,PRT,PHARMAEXP,TOT,A,1979,1.026,25.041,47.875
1163,PRT,PHARMAEXP,TOT,A,1980,1.005,20.977,53.603
1164,PRT,PHARMAEXP,TOT,A,1981,0.978,19.472,56.307
1165,PRT,PHARMAEXP,TOT,A,1982,0.965,18.984,59.903
1166,PRT,PHARMAEXP,TOT,A,1983,0.969,20.083,62.09
1167,PRT,PHARMAEXP,TOT,A,1984,1.019,20.577,64.674
1168,PRT,PHARMAEXP,TOT,A,1985,1.393,25.954,96.461
1169,PRT,PHARMAEXP,TOT,A,1986,1.365,23.01,106.653
1170,PRT,PHARMAEXP,TOT,A,1987,1.462,25.339,125.428
1171,PRT,PHARMAEXP,TOT,A,1988,1.397,23.255,133.84
1172,PRT,PHARMAEXP,TOT,A,1989,1.344,24.267,140.35
1173,PRT,PHARMAEXP,TOT,A,1990,1.396,25.305,159.532
1174,PRT,PHARMAEXP,TOT,A,1991,1.497,24.786,181.97
1175,PRT,PHARMAEXP,TOT,A,1992,1.568,25.336,200.361
1176,PRT,PHARMAEXP,TOT,A,1993,1.691,26.203,215.912
1177,PRT,PHARMAEXP,TOT,A,1994,1.673,26.03,224.556
1178,PRT,PHARMAEXP,TOT,A,1995,1.748,24.275,245.113
1179,PRT,PHARMAEXP,TOT,A,1996,1.835,24.626,267.414
1180,PRT,PHARMAEXP,TOT,A,1997,1.833,24.72,282.889
1181,PRT,PHARMAEXP,TOT,A,1998,1.783,24.15,288.408
1182,PRT,PHARMAEXP,TOT,A,2000,1.855,21.566,354.319
1183,PRT,PHARMAEXP,TOT,A,2001,1.915,22.192,379.443
1184,PRT,PHARMAEXP,TOT,A,2002,1.955,22.255,409.288
1185,PRT,PHARMAEXP,TOT,A,2003,2.011,22.043,423.655
1186,PRT,PHARMAEXP,TOT,A,2004,2.106,22.096,460.771
1187,PRT,PHARMAEXP,TOT,A,2005,2.114,21.904,478.311
1188,PRT,PHARMAEXP,TOT,A,2006,2.07,22.131,495.923
1189,PRT,PHARMAEXP,TOT,A,2007,2.034,21.985,505.755
1190,PRT,PHARMAEXP,TOT,A,2008,2.006,20.936,512.518
1191,PRT,PHARMAEXP,TOT,A,2009,2.023,19.966,501.813
1192,PRT,PHARMAEXP,TOT,A,2010,1.928,19.215,495.787
1193,PRT,PHARMAEXP,TOT,A,2011,1.782,18.315,450.09
1194,PRT,PHARMAEXP,TOT,A,2012,1.65,17.091,413.738
1195,PRT,PHARMAEXP,TOT,A,2013,1.511,16.062,402.222
1196,PRT,PHARMAEXP,TOT,A,2014,1.485,15.89,403.211
1197,PRT,PHARMAEXP,TOT,A,2015,1.48,15.883,418.613
1198,PRT,PHARMAEXP,TOT,A,2016,1.449,15.428,434.328
1199,PRT,PHARMAEXP,TOT,A,2017,1.397,15.013,436.34
1200,PRT,PHARMAEXP,TOT,A,2018,1.381,14.676,459.974
1201,PRT,PHARMAEXP,TOT,A,2019,1.406,14.775,476.286
1202,PRT,PHARMAEXP,TOT,A,2020,1.65,15.64,524.715
1203,PRT,PHARMAEXP,TOT,A,2021,1.624,14.583,558.506
1204,ROU,PHARMAEXP,TOT,A,2003,1.101,20.503,89.719
1205,ROU,PHARMAEXP,TOT,A,2004,1.48,27.014,142.581
1206,ROU,PHARMAEXP,TOT,A,2005,1.564,28.29,153.445
1207,ROU,PHARMAEXP,TOT,A,2006,1.419,27.979,161.701
1208,ROU,PHARMAEXP,TOT,A,2007,1.334,26.556,181.785
1209,ROU,PHARMAEXP,TOT,A,2008,1.298,25.837,215.627
1210,ROU,PHARMAEXP,TOT,A,2009,1.311,24.846,209.121
1211,ROU,PHARMAEXP,TOT,A,2010,1.395,24.73,242.137
1212,ROU,PHARMAEXP,TOT,A,2011,1.721,38.451,320.393
1213,ROU,PHARMAEXP,TOT,A,2012,1.641,36.404,323.816
1214,ROU,PHARMAEXP,TOT,A,2013,2.05,39.231,406.056
1215,ROU,PHARMAEXP,TOT,A,2014,1.775,35.293,369.803
1216,ROU,PHARMAEXP,TOT,A,2015,1.652,33.431,363.502
1217,ROU,PHARMAEXP,TOT,A,2016,1.579,31.075,388.742
1218,ROU,PHARMAEXP,TOT,A,2017,1.347,25.966,367.124
1219,ROU,PHARMAEXP,TOT,A,2018,1.362,24.678,409.492
1220,ROU,PHARMAEXP,TOT,A,2019,1.473,25.773,475.315
1221,ROU,PHARMAEXP,TOT,A,2020,1.544,24.792,508.626
1222,ROU,PHARMAEXP,TOT,A,2021,1.548,23.886,569.563
1223,SVK,PHARMAEXP,TOT,A,1999,1.926,34.81,229.096
1224,SVK,PHARMAEXP,TOT,A,2000,1.839,34.69,239.524
1225,SVK,PHARMAEXP,TOT,A,2001,1.848,34.657,263.001
1226,SVK,PHARMAEXP,TOT,A,2002,2.07,37.564,326.289
1227,SVK,PHARMAEXP,TOT,A,2003,2.192,40.239,352.728
1228,SVK,PHARMAEXP,TOT,A,2004,2.212,34.185,376.255
1229,SVK,PHARMAEXP,TOT,A,2005,2.193,33.282,396.543
1230,SVK,PHARMAEXP,TOT,A,2006,2.132,31.128,417.939
1231,SVK,PHARMAEXP,TOT,A,2007,2.108,29.372,465.38
1232,SVK,PHARMAEXP,TOT,A,2008,2.098,30.159,508.8
1233,SVK,PHARMAEXP,TOT,A,2009,2.339,29.429,532.417
1234,SVK,PHARMAEXP,TOT,A,2010,2.238,29.198,587.244
1235,SVK,PHARMAEXP,TOT,A,2011,2.096,28.72,567.145
1236,SVK,PHARMAEXP,TOT,A,2012,2.0,26.544,556.726
1237,SVK,PHARMAEXP,TOT,A,2013,1.989,26.535,571.491
1238,SVK,PHARMAEXP,TOT,A,2014,1.861,27.029,543.317
1239,SVK,PHARMAEXP,TOT,A,2015,1.817,26.866,553.2
1240,SVK,PHARMAEXP,TOT,A,2016,1.854,26.594,542.415
1241,SVK,PHARMAEXP,TOT,A,2017,1.783,26.39,521.065
1242,SVK,PHARMAEXP,TOT,A,2018,1.701,25.513,512.545
1243,SVK,PHARMAEXP,TOT,A,2019,1.691,24.439,516.996
1244,SVK,PHARMAEXP,TOT,A,2020,1.691,23.721,504.235
1245,SVK,PHARMAEXP,TOT,A,2021,1.631,21.047,530.716
1246,SVN,PHARMAEXP,TOT,A,2002,1.772,22.091,383.621
1247,SVN,PHARMAEXP,TOT,A,2003,1.718,21.213,378.946
1248,SVN,PHARMAEXP,TOT,A,2004,1.686,21.234,394.479
1249,SVN,PHARMAEXP,TOT,A,2005,1.704,21.305,404.794
1250,SVN,PHARMAEXP,TOT,A,2006,1.654,21.146,420.082
1251,SVN,PHARMAEXP,TOT,A,2007,1.508,20.077,414.8
1252,SVN,PHARMAEXP,TOT,A,2008,1.498,19.07,438.139
1253,SVN,PHARMAEXP,TOT,A,2009,1.687,19.75,447.479
1254,SVN,PHARMAEXP,TOT,A,2010,1.694,19.778,458.749
1255,SVN,PHARMAEXP,TOT,A,2011,1.669,19.556,464.769
1256,SVN,PHARMAEXP,TOT,A,2012,1.755,20.135,489.476
1257,SVN,PHARMAEXP,TOT,A,2013,1.756,20.096,501.439
1258,SVN,PHARMAEXP,TOT,A,2014,1.576,18.543,463.397
1259,SVN,PHARMAEXP,TOT,A,2015,1.555,18.252,470.778
1260,SVN,PHARMAEXP,TOT,A,2016,1.549,18.27,500.273
1261,SVN,PHARMAEXP,TOT,A,2017,1.506,18.395,521.07
1262,SVN,PHARMAEXP,TOT,A,2018,1.486,17.958,546.854
1263,SVN,PHARMAEXP,TOT,A,2019,1.476,17.365,559.466
1264,SVN,PHARMAEXP,TOT,A,2020,1.628,17.259,599.589
1265,SVN,PHARMAEXP,TOT,A,2021,1.572,16.582,644.196
1266,SWE,PHARMAEXP,TOT,A,1970,0.416,7.666,20.855
1267,SWE,PHARMAEXP,TOT,A,1971,0.455,7.768,23.808
1268,SWE,PHARMAEXP,TOT,A,1972,0.506,8.49,28.143
1269,SWE,PHARMAEXP,TOT,A,1973,0.554,9.326,33.528
1270,SWE,PHARMAEXP,TOT,A,1974,0.555,8.995,37.792
1271,SWE,PHARMAEXP,TOT,A,1975,0.552,8.56,42.964
1272,SWE,PHARMAEXP,TOT,A,1976,0.547,8.118,45.505
1273,SWE,PHARMAEXP,TOT,A,1977,0.576,7.701,49.96
1274,SWE,PHARMAEXP,TOT,A,1978,0.565,7.507,52.146
1275,SWE,PHARMAEXP,TOT,A,1979,0.548,7.381,57.024
1276,SWE,PHARMAEXP,TOT,A,1980,0.539,6.974,62.649
1277,SWE,PHARMAEXP,TOT,A,1981,0.549,7.019,67.801
1278,SWE,PHARMAEXP,TOT,A,1982,0.578,7.298,74.714
1279,SWE,PHARMAEXP,TOT,A,1983,0.579,7.393,78.556
1280,SWE,PHARMAEXP,TOT,A,1984,0.547,7.157,80.359
1281,SWE,PHARMAEXP,TOT,A,1985,0.556,7.671,85.978
1282,SWE,PHARMAEXP,TOT,A,1986,0.557,7.933,91.642
1283,SWE,PHARMAEXP,TOT,A,1987,0.578,8.143,100.65
1284,SWE,PHARMAEXP,TOT,A,1988,0.532,7.585,98.83
1285,SWE,PHARMAEXP,TOT,A,1989,0.608,8.6,121.532
1286,SWE,PHARMAEXP,TOT,A,1990,0.617,8.628,128.534
1287,SWE,PHARMAEXP,TOT,A,1991,0.654,9.154,135.518
1288,SWE,PHARMAEXP,TOT,A,1992,0.75,10.108,155.381
1289,SWE,PHARMAEXP,TOT,A,1993,0.858,11.203,170.571
1290,SWE,PHARMAEXP,TOT,A,1994,0.9,12.355,187.679
1291,SWE,PHARMAEXP,TOT,A,1995,0.931,12.929,206.178
1292,SWE,PHARMAEXP,TOT,A,1996,1.055,14.254,241.058
1293,SWE,PHARMAEXP,TOT,A,1997,0.94,13.028,222.756
1294,SWE,PHARMAEXP,TOT,A,1998,1.042,14.286,258.376
1295,SWE,PHARMAEXP,TOT,A,1999,1.072,14.635,286.758
1296,SWE,PHARMAEXP,TOT,A,2000,1.063,14.511,318.668
1297,SWE,PHARMAEXP,TOT,A,2001,1.174,14.856,356.468
1298,SWE,PHARMAEXP,TOT,A,2002,1.228,14.962,394.618
1299,SWE,PHARMAEXP,TOT,A,2003,1.202,14.457,386.867
1300,SWE,PHARMAEXP,TOT,A,2004,1.167,14.358,398.142
1301,SWE,PHARMAEXP,TOT,A,2005,1.155,14.169,398.239
1302,SWE,PHARMAEXP,TOT,A,2006,1.142,14.186,427.008
1303,SWE,PHARMAEXP,TOT,A,2007,1.111,13.889,448.046
1304,SWE,PHARMAEXP,TOT,A,2008,1.14,13.893,474.447
1305,SWE,PHARMAEXP,TOT,A,2009,1.205,13.742,474.24
1306,SWE,PHARMAEXP,TOT,A,2010,1.13,13.582,466.014
1307,SWE,PHARMAEXP,TOT,A,2011,1.091,10.475,467.145
1308,SWE,PHARMAEXP,TOT,A,2012,1.112,10.358,484.705
1309,SWE,PHARMAEXP,TOT,A,2013,1.096,10.05,475.572
1310,SWE,PHARMAEXP,TOT,A,2014,1.097,10.024,487.696
1311,SWE,PHARMAEXP,TOT,A,2015,1.09,10.09,504.915
1312,SWE,PHARMAEXP,TOT,A,2016,1.11,10.227,524.404
1313,SWE,PHARMAEXP,TOT,A,2017,1.06,9.825,512.816
1314,SWE,PHARMAEXP,TOT,A,2018,1.085,9.914,537.282
1315,SWE,PHARMAEXP,TOT,A,2019,1.04,9.604,517.451
1316,SWE,PHARMAEXP,TOT,A,2020,1.095,9.663,554.039
1317,SWE,PHARMAEXP,TOT,A,2021,1.04,9.25,576.078
1318,TUR,PHARMAEXP,TOT,A,1981,0.276,10.714,9.685
1319,TUR,PHARMAEXP,TOT,A,1982,0.277,12.903,10.331
1320,TUR,PHARMAEXP,TOT,A,1983,0.261,11.905,10.565
1321,TUR,PHARMAEXP,TOT,A,1984,0.231,10.938,10.054
1322,TUR,PHARMAEXP,TOT,A,1985,0.207,13.889,9.674
1323,TUR,PHARMAEXP,TOT,A,1986,0.227,12.403,11.917
1324,TUR,PHARMAEXP,TOT,A,1987,0.253,13.333,13.239
1325,TUR,PHARMAEXP,TOT,A,1990,0.539,22.021,33.578
1326,TUR,PHARMAEXP,TOT,A,1994,0.829,31.628,56.802
1327,TUR,PHARMAEXP,TOT,A,1999,1.218,27.339,100.909
1328,TUR,PHARMAEXP,TOT,A,2000,1.279,27.806,120.135
1329,USA,PHARMAEXP,TOT,A,1987,0.857,8.695,171.834
1330,USA,PHARMAEXP,TOT,A,1988,0.885,8.634,189.545
1331,USA,PHARMAEXP,TOT,A,1989,0.918,8.65,209.722
1332,USA,PHARMAEXP,TOT,A,1990,0.986,8.771,235.469
1333,USA,PHARMAEXP,TOT,A,1991,1.033,8.668,251.462
1334,USA,PHARMAEXP,TOT,A,1992,1.013,8.306,257.468
1335,USA,PHARMAEXP,TOT,A,1993,1.006,8.079,265.437
1336,USA,PHARMAEXP,TOT,A,1994,0.999,8.065,276.718
1337,USA,PHARMAEXP,TOT,A,1995,1.049,8.393,300.923
1338,USA,PHARMAEXP,TOT,A,1996,1.104,8.858,330.937
1339,USA,PHARMAEXP,TOT,A,1997,1.157,9.35,363.952
1340,USA,PHARMAEXP,TOT,A,1998,1.225,9.916,402.545
1341,USA,PHARMAEXP,TOT,A,1999,1.344,10.888,463.851
1342,USA,PHARMAEXP,TOT,A,2000,1.436,11.497,521.677
1343,USA,PHARMAEXP,TOT,A,2001,1.575,11.959,584.779
1344,USA,PHARMAEXP,TOT,A,2002,1.718,12.273,652.646
1345,USA,PHARMAEXP,TOT,A,2003,1.833,12.636,723.841
1346,USA,PHARMAEXP,TOT,A,2004,1.869,12.846,779.91
1347,USA,PHARMAEXP,TOT,A,2005,1.872,12.841,826.029
1348,USA,PHARMAEXP,TOT,A,2006,1.931,13.128,894.044
1349,USA,PHARMAEXP,TOT,A,2007,1.942,13.017,933.087
1350,USA,PHARMAEXP,TOT,A,2008,1.961,12.895,952.447
1351,USA,PHARMAEXP,TOT,A,2009,2.085,12.871,984.105
1352,USA,PHARMAEXP,TOT,A,2010,2.028,12.521,986.63
1353,USA,PHARMAEXP,TOT,A,2011,2.006,12.427,1004.205
1354,USA,PHARMAEXP,TOT,A,2012,1.958,12.145,1013.8
1355,USA,PHARMAEXP,TOT,A,2013,1.915,11.975,1020.541
1356,USA,PHARMAEXP,TOT,A,2014,2.029,12.527,1118.634
1357,USA,PHARMAEXP,TOT,A,2015,2.095,12.707,1189.437
1358,USA,PHARMAEXP,TOT,A,2016,2.06,12.263,1192.301
1359,USA,PHARMAEXP,TOT,A,2017,2.004,11.954,1200.769
1360,USA,PHARMAEXP,TOT,A,2018,1.957,11.766,1229.266
1361,USA,PHARMAEXP,TOT,A,2019,1.961,11.767,1277.032
1362,USA,PHARMAEXP,TOT,A,2020,2.07,11.037,1315.218
1363,USA,PHARMAEXP,TOT,A,2021,2.039,11.743,1432.309
